snack_id,snack_name,price,category,brand
06539900,Tostitos Dips Salsa Mild 15-1/2 Ounce,3.59,,Tostitos
000000000300020245_EA,Santitas Tortilla Chips White Triangles 11 Oz,2.29,,Santitas
000000000300019892_EA,Pasta Roni Butter & Garlic Cup,1.79,FOOD IN HOME,Pasta Roni
000000000300019894_EA,Quaker® Maple & Brown Sugar Flavor Instant Oatmeal,1.79,FOOD IN HOME,Quaker
000000000300019895_EA,Quaker® Apple & Cinnamon Instant Oatmeal,1.79,FOOD IN HOME,Quaker
000000000300019896_EA,Rice-A-Roni® Chicken Flavor Cup,1.79,FOOD IN HOME,Rice-A-Roni
000000000300027588_EA,Lay's® Creamy Ranch Dip,3.29,FOOD IN HOME,Lay's
000000000300020088_EA,Fritos® Original Bean Dip,3.49,FOOD IN HOME,Fritos
000000000300020089_EA,Fritos® Mild Cheddar Cheese Dip,3.49,FOOD IN HOME,Fritos
000000000300020090_EA,Fritos® Jalapeno & Cheddar Cheese Dip,3.49,FOOD IN HOME,Fritos
000000000300020091_EA,Fritos® Jalapeno Peppers Hot Bean Dip,3.49,FOOD IN HOME,Fritos
000000000300020165_EA,Rold Gold® Original Tiny Twists,0.0,SNACK FOODS,Rold Gold
000000000300020189_EA,Munchies® Cheese Fix Flavored Snack Mix,3.29,SNACK FOODS,Munchies
000000000300020249_EA,Santitas Tortilla Chips Mixed Triangles 11 Oz,2.29,SNACK FOODS,Santitas
000000000300020380_EA,Tostitos® SCOOPS! ® Tortilla Chips,5.59,SNACK FOODS,Tostitos
000000000300020428_EA,SunChips® French Onion Flavored Whole Grain Snacks,4.19,SNACK FOODS,Sunchips
000000000300020432_EA,SunChips® Harvest Cheddar® Flavored Whole Grain Snacks,4.19,SNACK FOODS,Sunchips
000000000300021136_EA,Lay's® Kettle Cooked Mesquite BBQ Flavored Potato Chips,4.09,SNACK FOODS,Lay's
000000000300021145_EA,Lay's® Kettle Cooked Original Potato Chips,4.09,SNACK FOODS,Lay's
000000000300021329_EA,Rold Gold Thins Pretzels Original Flavored 4 Oz,1.49,SNACK FOODS,Rold Gold
000000000300022142_EA,Matador® Original Snack Stick,22.35,FOOD IN HOME,
08512101,Matador® Flamin' Hot® Flavored Snack Stick,22.35,FOOD IN HOME,Matador
000000000300022496_EA,Cap'n Crunch's Crunch Berries® Cereal,1.49,FOOD IN HOME,Cap'n Crunch
000000000300022497_EA,Cap'n Crunch® Original Cereal,1.49,FOOD IN HOME,Cap'n Crunch
000000000300023202_EA,Nut Harvest® Lightly Roasted Almonds,17.52,SNACK FOODS,Nut Harvest
000000000300023254_EA,Chester's Puffcorn Puffed Corn Snacks Cheese Flavored 4.25 Oz,2.29,SNACK FOODS,Chester's
000000000300023358_EA,Chester's Puffcorn Puffed Corn Snacks Butter Artificially Flavored 3.25 Oz,2.29,SNACK FOODS,Chester's
000000000300023373_EA,Rice-A-Roni® Cheddar Broccoli Flavor Cup,1.79,FOOD IN HOME,Rice-A-Roni
000000000300023481_EA,Pasta Roni Parmesan & Romano Cheese Cup,1.79,FOOD IN HOME,Pasta Roni
000000000300023482_EA,Rice-A-Roni® Creamy Four Cheese Flavor Cup,1.79,FOOD IN HOME,Rice-A-Roni
000000000300023483_EA,Quaker® Butter Instant Grits,1.79,FOOD IN HOME,Quaker
000000000300023488_EA,Quaker® Life Original Multigrain Cereal,1.49,FOOD IN HOME,Quaker
000000000300023490_EA,Quaker® Life Cinnamon Multigrain Cereal,1.49,FOOD IN HOME,Quaker
000000000300023738_EA,Spitz® Cracked Pepper Flavored Sunflower Seeds,2.49,SNACK FOODS,Spitz
000000000300023739_EA,Spitz® Dill Pickle Flavored Sunflower Seeds,1.99,SNACK FOODS,Spitz
000000000300023740_EA,Spitz® Dill Pickle Flavored Pumpkin Seeds,2.69,SNACK FOODS,Spitz
000000000300023741_EA,Spitz® Cracked Pepper Flavored Pumpkin Seeds,2.99,SNACK FOODS,Spitz
000000000300023742_EA,Stacy's® Parmesan Garlic and Herb Flavored Baked Pita Chips,2.29,SNACK FOODS,Stacy's
000000000300023743_EA,Stacy's® Fire Roasted Jalapeno Flavored Baked Pita Chips,2.29,SNACK FOODS,Stacy's
000000000300023744_EA,Stacy's® Cinnamon Sugar Baked Pita Chips,2.29,SNACK FOODS,Stacy's
000000000300023745_EA,Stacy's® Simply Naked® Baked Pita Chips,2.29,SNACK FOODS,Stacy's Pita Chips
000000000300023757_EA,Spitz® Cracked Pepper Flavored Sunflower Seeds,9.9,SNACK FOODS,Spitz
000000000300023758_PAK,Spitz® Dill Pickle Flavored Sunflower Seeds,9.9,SNACK FOODS,Spitz
000000000300023904_EA,Miss Vickie's Kettle Cooked Potato Chips Jalapeno Flavored 8 Oz,3.79,SNACK FOODS,Miss Vickie's
000000000300023907_EA,Miss Vickie's® Sea Salt & Vinegar Flavored Kettle Cooked Potato Chips,4.49,SNACK FOODS,Miss Vickie's
000000000300024256_EA,Off The Eaten Path Rosemary& Olive Oil Hummus Crisps 5.25 Ounce Plastic Bag,3.69,SNACK FOODS,Off The Eaten Path
000000000300024304_EA,Ruffles Double Crunch Potato Chips Zesty Cheddar Flavored 2.375 Oz,1.99,SNACK FOODS,Ruffles
000000000300024315_EA,Ruffles Double Crunch Potato Chips Hot Wings Flavored 2.375 Oz Bag,1.99,SNACK FOODS,Ruffles
000000000300024345_EA,"Cheetos® Asteroids® Flamin' Hot® Cheese Flavored Snacks, 6 count",7.14,SNACK FOODS,Cheetos
000000000300036058_EA,Cheetos® Puffs Cheese Flavored Snacks,5.19,SNACK FOODS,Cheetos
09687901,Frito Lay Ranch Flavored Sunflower Seeds,3.69,SNACK FOODS,Frito Lay
000000000300025018_EA,Grandma's® Brand Peanut Butter Flavored Creme Cookies,8.94,COOKIES PLAIN,Grandma's
000000000300037522_EA,Munchies® Peanut Butter on Cheese Flavored Cracker Sandwiches,4.72,FOOD IN HOME,Munchies
000000000300025274_EA,Miss Vickie's Kettle Cooked Potato Chips Farmhouse White Cheddar Flavored 8 Oz,3.79,SNACK FOODS,Miss Vickie's
000000000300025294_CS,Grandma's® Brand Vanilla Flavored Creme Cookies,8.94,COOKIES PLAIN,Grandma's
000000000300025299_PAK,Grandma's® Brand Chocolate Brownie Cookies,5.45,COOKIES PLAIN,Grandma's
000000000300025301_PAK,Grandma's® Brand Peanut Butter Cookies,7.45,COOKIES PLAIN,"Flamin' Hot,Grandma's"
000000000300025303_PAK,Grandma's® Brand Chocolate Chip Cookies,7.45,COOKIES PLAIN,Grandma's
000000000300025305_EA,Grandma's® Brand Oatmeal Raisin Cookies,7.45,COOKIES PLAIN,Grandma's
000000000300037521_EA,Munchies® Honey Roasted Peanuts,8.8,SNACK FOODS,Munchies
000000000300025308_EA,Munchies® Flamin' Hot® Flavored Peanuts,8.8,SNACK FOODS,Munchies
000000000300025310_EA,Frito Lay Sunflower Seeds,4.95,SNACK FOODS,Frito Lay
000000000300025328_EA,Grandma's® Brand Vanilla Flavored Mini Sandwich Creme Cookies,8.94,COOKIES PLAIN,Grandma's
000000000300025331_EA,Munchies Peanuts Salted 1.625 Oz,8.8,SNACK FOODS,Munchies
000000000300037329_EA,"Cheetos Puffs Cheese Flavored Snacks, 3.0 Oz",1.99,SNACK FOODS,Cheetos
000000000300026419_EA,Cheetos Puffs Cheese Flavored Snacks Flamin' Hot Flavored 3.0 Oz,1.99,SNACK FOODS,Cheetos
000000000300036152_EA,"Cheetos Crunchy Cheese Flavored Snacks, 3.25 Oz",1.99,SNACK FOODS,Cheetos
000000000300026434_EA,Cheetos® Crunchy Cheddar Jalapeno Cheese Flavored Snacks,2.29,SNACK FOODS,Cheetos
000000000300036721_EA,"Cheetos Crunchy Cheese Flavored Snacks, Flamin' Hot Flavored, 3.25 Oz",1.99,SNACK FOODS,Cheetos
000000000300036162_EA,"Cheetos Crunchy Cheese Flavored Snacks, Flamin' Hot Limon Flavored, 3.25 Oz",1.99,SNACK FOODS,Cheetos
000000000300026506_EA,1.89 BK CT HOT,2.29,CLASS,"Cheetos,Baked"
000000000300021598_EA,Fritos® Twists Honey BBQ Flavored Corn Snacks,5.19,SNACK FOODS,Fritos
000000000300021606_EA,Fritos® Chili Cheese Flavored Corn Chips,5.19,SNACK FOODS,Fritos
000000000300021612_EA,Fritos® Original Corn Chips,5.19,SNACK FOODS,Fritos
000000000300021622_EA,Fritos® SCOOPS!® Corn Chips,5.19,SNACK FOODS,Fritos
000000000300036147_EA,Cheetos® Crunchy Cheese Flavored Snacks,6.19,SNACK FOODS,Cheetos
000000000300036156_EA,Cheetos® Crunchy Flamin' Hot® Cheese Flavored Snacks,5.19,SNACK FOODS,Cheetos
000000000300021219_EA,Lay's® Barbecue Flavored Potato Chips,4.59,SNACK FOODS,Lay's
000000000300021230_EA,Lay's® Classic Potato Chips New,4.59,SNACK FOODS,Lay's
000000000300021242_EA,Lay's® Salt & Vinegar Flavored Potato Chips,4.59,SNACK FOODS,Lay's
000000000300021252_EA,Lay's® Sour Cream & Onion Flavored Potato Chips,4.59,SNACK FOODS,Lay's
000000000300021263_EA,Lay's® Cheddar & Sour Cream Flavored Potato Chips,4.59,SNACK FOODS,Lay's
000000000300021296_EA,Lay's® Dill Pickle Flavored Potato Chips,4.59,SNACK FOODS,Lay's
000000000300036174_EA,Munchos Potato Crisps Regular Flavored 4 - 1/4 Oz,2.29,SNACK FOODS,Munchos
000000000300023238_EA,Chester's Fries Corn & Potato Snacks Flamin' Hot 5 1/4 Oz update,2.29,CLASS,Chester's
000000000300023248_EA,Sabritones Puffed Wheat Snacks Chile & Lime Flavored 4 Oz,2.29,SNACK FOODS,"Sabritones,Sabritas"
000000000300023259_EA,Chester's Puffcorn Flamin' Hot® Flavored Corn Snacks,2.29,SNACK FOODS,Chester's
000000000300023297_EA,Lay's® Wavy Original Potato Chips,4.59,SNACK FOODS,Lay's
000000000300025960_EA,Smartfood® White Cheddar Flavored Popcorn update,4.99,SNACK FOODS,Smartfood
000000000300020680_EA,Funyuns® Onion Flavored Rings,5.19,SNACK FOODS,Funyuns
000000000300025965_EA,"Smartfood Smart 50 Popcorn, White Cheddar, 5.25 Oz",3.99,SNACK FOODS,Smartfood
000000000300030335_EA,Doritos® Salsa Verde Flavored Tortilla Chips,2.29,SNACK FOODS,Doritos
000000000300030323_EA,Doritos® Spicy Nacho Flavored Tortilla Chips,2.29,SNACK FOODS,Doritos
000000000300026467_EA,SIMPLY Cheetos® Crunchy White Cheddar Cheese Flavored Snacks,2.29,SNACK FOODS,"Cheetos,Simply"
000000000300026476_EA,Munchos® Potato Crisps,1.49,SNACK FOODS,Munchos
000000000300026490_EA,Funyuns® Flamin' Hot® Flavored Onion Rings,2.29,SNACK FOODS,Funyuns
000000000300026494_EA,BAKED Ruffles® Cheddar & Sour Cream Flavored Potato Chips,2.29,SNACK FOODS,"Baked,Ruffles"
000000000300026495_EA,"Sabritones Puffed Wheat Snacks, Chile & Lime Flavored, 2.75 Oz",1.49,SNACK FOODS,"Sabritones,Sabritas"
10093000,SunChips® Harvest Cheddar® Flavored Whole Grain Snacks,2.29,SNACK FOODS,Sunchips
000000000300026503_EA,Smartfood® Caramel & Cheddar Mix Flavored Popcorn,1.99,SNACK FOODS,Smartfood
000000000300026504_EA,El Isleno Plantain Chips Original 3.5 Oz,1.99,SNACK FOODS,EL ISLENO
000000000300026487_EA,Funyuns® Onion Flavored Rings,2.69,SNACK FOODS,Funyuns
000000000300026381_EA,Fritos® Twists Honey BBQ Flavored Corn Snacks,2.29,SNACK FOODS,Fritos
000000000300026389_EA,Fritos® Chili Cheese Flavored Corn Chips,2.29,SNACK FOODS,Fritos
000000000300026391_EA,Fritos® Original Corn Chips,2.29,SNACK FOODS,Fritos
000000000300026396_EA,Sabritas® Turbos Flamas® Flavored Corn Snacks,2.29,SNACK FOODS,Sabritas
000000000300026465_EA,SIMPLY Cheetos® Puffs White Cheddar Cheese Flavored Snacks,2.29,SNACK FOODS,"Cheetos,Simply"
000000000300026283_EA,Lay's® Limón Flavored Potato Chips,2.29,SNACK FOODS,"Lay's,Sabritas"
000000000300026252_EA,Lay's® Honey BBQ Flavored Potato Chips,2.29,SNACK FOODS,Lay's
000000000300026257_EA,Lay's® Salt & Vinegar Flavored Potato Chips,2.29,SNACK FOODS,Lay's
000000000300026260_EA,Lay's® Flamin' Hot® Flavored Potato Chips,2.29,SNACK FOODS,Lay's
000000000300026264_EA,Lay's® Sweet Southern Heat Barbecue Flavored Potato Chips,2.29,SNACK FOODS,Lay's
000000000300026266_EA,Lay's® Dill Pickle Flavored Potato Chip,2.29,SNACK FOODS,Lay's
000000000300026479_EA,Chester's® Fries Flamin' Hot® Flavored Corn and Potato Snacks,2.29,SNACK FOODS,Chester's
000000000300026485_EA,BAKED Lay's® Original Potato Crisps,2.29,SNACK FOODS,"Lay's,Baked"
10093100,Smartfood® White Cheddar Flavored Popcorn,2.29,SNACK FOODS,Smartfood
000000000300026274_EA,"Lay's Potato Chips, Fiery Habanero Flavored, 2.625 Oz",1.99,SNACK FOODS,Lay's
000000000300026254_EA,Lay's® Classic Potato Chips,5.29,SNACK FOODS,Lay's
000000000300026275_EA,Lay's® Barbecue Flavored Potato Chips,2.29,SNACK FOODS,Lay's
000000000300026279_EA,Lay's® Sour Cream & Onion Flavored Potato Chips,2.69,SNACK FOODS,Lay's
000000000300027211_EA,Lay's® Kettle Cooked Jalapeno Flavored Potato Chips,2.29,SNACK FOODS,Lay's
000000000300027214_EA,"Lay's Kettle Cooked Potato Chips, Original, 2.5 Oz",1.99,SNACK FOODS,Lay's
000000000300027216_EA,Lay's® Kettle Cooked Sea Salt & Vinegar Flavored Potato Chips,2.29,SNACK FOODS,Lay's
10266200,Ruffles® Cheddar & Sour Cream Flavored Potato Chips,2.29,SNACK FOODS,Ruffles
000000000300027227_EA,Cheetos® Flamin' Hot® Flavored Potato Chips,2.29,SNACK FOODS,Ruffles
000000000300027231_EA,Ruffles® Jalapeno Ranch Flavored Potato Chips,2.29,SNACK FOODS,Ruffles
000000000300025698_EA,Doritos Tortilla Chips Flamin Hot Limon 2.75 Ounce,1.99,SNACK FOODS,Doritos
000000000300030334_EA,Doritos® Cool Ranch® Flavored Tortilla Chips,2.29,SNACK FOODS,Doritos
000000000300030321_EA,Doritos® Nacho Cheese Flavored Tortilla Chips,2.29,SNACK FOODS,Doritos
000000000300030322_EA,Doritos® Spicy Sweet Chili Flavored Tortilla Chips,2.29,SNACK FOODS,Doritos
000000000300026321_EA,Doritos® Dinamita® Chile Limon Flavored Rolled Tortilla Chips,2.29,SNACK FOODS,"Doritos,Sabritas"
000000000300030326_EA,Doritos® Flamin' Hot® Nacho Flavored Tortilla Chips,2.29,SNACK FOODS,Doritos
000000000300025492_EA,Bare® Crunchy Cinnamon Apple Chips,3.49,FOOD IN HOME,Bare
000000000300025493_EA,Bare® Crunchy Apple Chips Fuji & Reds,3.49,FOOD IN HOME,Bare
000000000300025495_EA,Bare® Crunchy Banana Chips,3.49,FOOD IN HOME,Bare
000000000300025647_EA,Cheetos® Cheddar Flavored Popcorn,2.29,SNACK FOODS,Cheetos
000000000300025649_EA,Cheetos® Flamin' Hot® Flavored Popcorn,2.29,SNACK FOODS,Cheetos
000000000300022838_EA,Frito Lay Extra Long Sunflower Seeds,0.99,SNACK FOODS,Frito Lay
000000000300021591_PAK,Nut Harvest Pistachios In Shell Salted 1 3/4 Oz,19.92,CLASS,Frito Lay
000000000300022840_EA,Frito Lay Flamin' Hot® Limon Extra Long Sunflower Seeds,0.99,SNACK FOODS,Frito Lay
000000000300020306_PAK,Munchies Frito Lay Peanuts Salted 3 -1/4 OZ,7.92,SNACK FOODS,Munchies
000000000300020245_EA,Santitas Tortilla Chips White Triangles 11 Oz,2.29,SNACK FOODS,Santitas
000000000300021714_EA,Cheetos® Crunchy Flamin' Hot® Cheese Flavored Snacks,5.19,SNACK FOODS,Cheetos
000000000300036153_EA,Cheetos® Crunchy Flamin' Hot® Limon Cheese Flavored Snacks,5.19,SNACK FOODS,Cheetos
000000000300025643_EA,Cheetos® Flamin' Hot® Flavored Popcorn,5.19,SNACK FOODS,Cheetos
000000000300025639_EA,Cheetos® Cheddar Flavored Popcorn,5.19,SNACK FOODS,Cheetos
11013900,Doritos® Flamas® Flavored Tortilla Chips,2.29,SNACK FOODS,Doritos
000000000300026470_EA,"Doritos Simply Organic Tortilla Chips, White Cheddar 2.375 Ounce",1.99,SNACK FOODS,"Simply,Doritos"
000000000300021619_EA,Fritos® Flamin' Hot® Flavored Corn Chips,5.19,SNACK FOODS,Fritos
000000000300026393_EA,Fritos® Flamin' Hot® Flavored Corn Chips,2.29,SNACK FOODS,Fritos
000000000300020688_EA,Funyuns® Flamin' Hot® Flavored Onion Rings,5.19,SNACK FOODS,Funyuns
000000000300021114_EA,Lay's® Kettle Cooked Jalapeno Flavored Potato Chips,4.09,SNACK FOODS,Lay's
000000000300021278_EA,Lay's® Limón Flavored Potato Chips,4.59,SNACK FOODS,"Lay's,Sabritas"
000000000300021290_EA,Lay's® Sweet Southern Heat Barbecue Flavored Potato Chips,4.59,SNACK FOODS,Lay's
000000000300021305_EA,Lay's Lightly Salted Flavored Potato Chips,4.59,SNACK FOODS,Lay's
000000000300025797_EA,Lay's Wavy Potato Chips Original 13 Oz,4.79,SNACK FOODS,Lay's
000000000300027474_EA,Munchies® Cheese Fix Flavored Snack Mix,2.29,SNACK FOODS,Munchies
000000000300027476_EA,Munchies® Flamin' Hot® Flavored Snack Mix,2.29,SNACK FOODS,Munchies
000000000300024218_EA,Off The Eaten Path® Chickpea Veggie Crisps,4.49,SNACK FOODS,Off The Eaten Path
000000000300024255_EA,Off The Eaten Path® Veggie Crisps,4.49,SNACK FOODS,Off The Eaten Path
000000000300025740_EA,Ruffles® Lime & Jalapeno Flavored Potato Chips,2.29,SNACK FOODS,Ruffles
000000000300027234_EA,Ruffles® Queso Cheese Flavored Potato Chips,2.29,SNACK FOODS,"Ruffles,Sabritas"
000000000300020424_EA,SunChips® Original Flavored Whole Grain Snacks,4.19,SNACK FOODS,Sunchips
000000000300020437_EA,SunChips® Garden Salsa® Flavored Whole Grain Snacks,4.19,SNACK FOODS,Sunchips
000000000300020526_EA,BAKED Cheetos® Flamin' Hot® Cheese Flavored Snacks,3.99,SNACK FOODS,"Cheetos,Baked"
000000000300021677_EA,Cheetos® Crunchy Cheese Flavored Snacks,5.19,SNACK FOODS,Cheetos
000000000300025068_EA,Cheetos Crunchy Cheese Flavored Snacks Flamin Hot 2 Ounce Plastic Bag,1.09,SNACK FOODS,Cheetos
000000000300021733_EA,Cheetos® Crunchy Flamin' Hot® Limon Cheese Flavored Snacks,5.19,SNACK FOODS,Cheetos
000000000300021691_EA,Cheetos® Xxtra Flamin Hot® Crunchy Cheese Flavored Snacks,5.19,SNACK FOODS,Cheetos
000000000300021695_EA,Cheetos® Xxtra Flamin Hot® Crunchy Cheese Flavored Snacks,5.19,SNACK FOODS,Cheetos
000000000300024747_EA,Cheetos® Puffs Cheese Flavored Snacks,5.19,SNACK FOODS,Cheetos
000000000300025651_EA,Cheetos® Cheddar Flavored Popcorn,5.19,SNACK FOODS,Cheetos
000000000300024758_EA,Cheetos® Puffs Flamin Hot® Cheese Flavored Snacks,5.19,SNACK FOODS,Cheetos
000000000300023270_EA,Chester's Fries Corn And Potato Snacks Flamin Hot Flavored 5 - 1/4 Oz,2.29,SNACK FOODS,Chester's
000000000300023279_EA,Chester's Puffcorn Cheese Flavored Corn Snacks,2.29,SNACK FOODS,Chester's
000000000300023283_EA,Chester's Puffcorn Puffed Corn Snacks Flamin' Hot Flavored 4 - 1/4 Oz,2.29,SNACK FOODS,Chester's
000000000300023426_EA,Chester's® Puffcorn Butter Flavored Corn Snacks,2.29,SNACK FOODS,Chester's
000000000300024727_EA,Chester's Fries Corn & Potato Snacks Flamin' Hot 2.125 Oz Bag,1.09,SNACK FOODS,Chester's
07312700,1.60 CRK JAC REG,2.29,CLASS,Cracker Jack
000000000300024724_EA,Doritos® Nacho Cheese Flavored Tortilla Chips,1.09,SNACK FOODS,Doritos
000000000300030324_EA,Doritos® Tapatio® Flavored Tortilla Chips,2.29,SNACK FOODS,Doritos
000000000300026336_EA,Rancheritos® Tortilla Chips,2.29,SNACK FOODS,"Rancheritos,Sabritas"
000000000300026219_EA,Sabritas® Turbos Flamas® Flavored Corn Snacks,4.49,SNACK FOODS,Sabritas
07711800,Funyuns® Onion Flavored Rings,5.19,SNACK FOODS,Funyuns
000000000300020692_EA,Funyuns® Flamin' Hot® Flavored Onion Rings,5.19,SNACK FOODS,Funyuns
000000000300021132_EA,Lay's® Kettle Cooked Sea Salt & Vinegar Flavored Potato Chips,4.09,SNACK FOODS,Lay's
000000000300021156_EA,Lay's® Kettle Cooked Sea Salt & Cracked Pepper Flavored Potato Chips,4.09,SNACK FOODS,Lay's
000000000300021225_EA,Lay's® Barbecue Flavored Potato Chips,4.59,SNACK FOODS,Lay's
000000000300021236_EA,Lay's® Classic Potato Chips,4.59,SNACK FOODS,Lay's
000000000300021247_EA,Lay's® Salt & Vinegar Flavored Potato Chips,4.59,SNACK FOODS,Lay's
000000000300021258_EA,Lay's® Sour Cream & Onion Flavored Potato Chips,4.59,SNACK FOODS,Lay's
000000000300021268_EA,Lay's® Cheddar & Sour Cream Flavored Potato Chips,4.59,SNACK FOODS,Lay's
000000000300021275_EA,Lay's® Flamin' Hot® Flavored Potato Chips,4.59,SNACK FOODS,Lay's
000000000300021284_EA,Lay's® Limón Flavored Potato Chips,4.59,SNACK FOODS,"Lay's,Sabritas"
000000000300023405_EA,Lay's® Wavy Original Potato Chips,4.59,SNACK FOODS,Lay's
000000000300025764_EA,Lay's® Cheddar Jalapeno Flavored Potato Chips,2.29,SNACK FOODS,Lay's
000000000300026180_EA,Lay's® Cheddar Jalapeno Flavored Potato Chips,4.59,SNACK FOODS,Lay's
000000000300026269_EA,Lay's® Chile Limon Flavored Potato Chips,2.29,SNACK FOODS,"Lay's,Sabritas"
000000000300026935_EA,Lay's® Kettle Cooked Flamin' Hot® Flavored Potato Chips,2.29,SNACK FOODS,Lay's
000000000300027262_EA,Lay's® Wavy Hickory Barbecue Flavored Potato Chips,4.59,SNACK FOODS,Lay's
000000000300020192_EA,Munchies® Cheese Fix Flavored Snack Mix,3.29,SNACK FOODS,Munchies
000000000300020197_EA,Munchies® Flamin' Hot® Flavored Snack Mix,3.29,SNACK FOODS,Munchies
000000000300020201_EA,Munchies® Cheese Fix Flavored Snack Mix,3.29,SNACK FOODS,Munchies
000000000300023267_EA,Munchos® Potato Crisps,2.29,SNACK FOODS,Munchos
000000000300020155_EA,Rold GoldPretzels Original Sticks Flavored 16 Oz,3.29,SNACK FOODS,Rold Gold
000000000300020169_EA,Rold Gold® Original Tiny Twists,3.69,SNACK FOODS,Rold Gold
000000000300026653_EA,Rold Gold Recipe 5 Pretzel Twists Savory Butter Artificially Flavored 11 Oz,4.99,SNACK FOODS,Rold Gold
000000000300027238_EA,Ruffles® Sour Cream & Onion Flavored Potato Chips,2.29,SNACK FOODS,Ruffles
000000000300022362_EA,Doritos Tortilla Chips Spicy Nacho 9 3/4 Oz,7.29,CLASS,Sabritas
000000000300022828_EA,Sabritas Fiesta Mix Flavored Snack Mix 6 Oz,2.29,SNACK FOODS,Sabritas
000000000300020074_EA,Santitas Tortilla Chips White Triangles 11 Oz,2.29,SNACK FOODS,Santitas
000000000300026033_EA,Smartfood® White Cheddar Flavored Popcorn,4.99,SNACK FOODS,Smartfood
000000000300026115_EA,Smartfood® Flamin' Hot® White Cheddar Flavored Popcorn,4.99,SNACK FOODS,Smartfood
000000000300026406_EA,Smartfood Popcorn Flamin' Hot White Cheddar Flavored 2.0 Oz,1.99,SNACK FOODS,Smartfood
000000000300020528_EA,SunChips Whole Grain Snacks Original 7 Oz,3.29,SNACK FOODS,Sunchips
000000000300020530_EA,SunChips® French Onion Flavored Whole Grain Snacks,4.19,SNACK FOODS,Sunchips
07256300,Tostitos® SCOOPS!® Tortilla Chips,5.59,SNACK FOODS,Tostitos
000000000300022053_EA,Tostitos® Salsa Verde Flavored Tortilla Chips,2.99,SNACK FOODS,"Tostitos,Sabritas"
000000000300036203_EA,Tostitos® Salsa Verde Flavored Tortilla Chips,2.29,SNACK FOODS,"Tostitos,Sabritas"
000000000300024334_EA,Doritos Flavor Shots Coated Peanuts Nacho Cheese 1.75 Oz Bag,9.52,SNACK FOODS,Doritos
000000000300024335_EA,Doritos Flavor Shots Nuts Flamin' Hot Nacho Cheese 1.75 Oz Bag,9.52,SNACK FOODS,Doritos
000000000300037541_EA,Grandma's® Brand Vanilla Flavored Mini Sandwich Creme Cookies,4.0,COOKIES PLAIN,Grandma's
000000000300020308_EA,Munchies Frito Lay Peanuts Honey Roasted 2 - 7/8 Oz,7.92,SNACK FOODS,Munchies
000000000300020310_EA,Munchies Frito Lay Peanuts  Flamin' Hot Flavored 2 - 7/8 Oz,7.92,SNACK FOODS,Munchies
000000000300025117_EA,Munchies® Doritos® Nacho Cheese Flavored Sandwich Crackers,5.52,FOOD IN HOME,Munchies
000000000300025188_EA,Munchies Frito Lay Sandwich Crackers  Cheetos Cheddar Cheese Flavored 1.38 Oz,4.72,FOOD IN HOME,Munchies
000000000300024720_EA,Nut Harvest Flavored Almonds Chili Limon 2.25 Oz Bag,15.92,SNACK FOODS,Nut Harvest
000000000300024722_EA,Nut Harvest Flavored Cashews Spicy 2.25 Oz Bag,15.92,SNACK FOODS,Nut Harvest
000000000300025011_EA,Frito Lay Sunflower Seeds Kernels,6.6,SNACK FOODS,Frito Lay
000000000300026993_EA,Matador Original Flavored Beef Jerky,18.32,FOOD IN HOME,Matador Meat Snacks
000000000300026995_EA,Matador® Flamin' Hot® Flavored Beef Jerky,18.32,FOOD IN HOME,Matador
000000000300025004_EA,Sabritas Peanuts Salt & Lime Flavored 1.625 Oz,8.8,SNACK FOODS,Sabritas
000000000300025006_EA,Sabritas Peanuts Spicy Flavored 1.625 Oz,8.8,SNACK FOODS,Sabritas
000000000300027077_EA,Sabritas Crunchy Coated Peanuts Japanese Style 1.625 Oz,8.8,SNACK FOODS,Sabritas
000000000300027073_EA,Sabritas Peanuts Salt & Lime Flavored 2.75 Oz,7.92,SNACK FOODS,Sabritas
000000000300027075_EA,Sabritas Peanuts Spicy Picante Flavored 2.75 Oz,7.92,SNACK FOODS,Sabritas
000000000300026430_EA,"Cheetos Crunchy Cheese Flavored Snacks,  Xxtra Flamin' Hot Flavored, 3.25 Oz",1.99,SNACK FOODS,Cheetos
000000000300019942_EA,Fritos® Original Bean Dip,1.29,FOOD IN HOME,Fritos
000000000300026456_EA,Baken-Ets® Hot N' Spicy Flavored Fried Pork Skins,1.99,SNACK FOODS,Baken-Ets
000000000300020334_EA,BAKED Lay's® Original Potato Crisps,3.99,SNACK FOODS,"Lay's,Baked"
000000000300021331_EA,Munchies® Cheese Fix Flavored Snack Mix,2.29,SNACK FOODS,Munchies
000000000300021336_EA,Munchies® Flamin' Hot® Flavored Snack Mix,2.29,SNACK FOODS,Munchies
000000000300020151_EA,Rold Gold® Original Pretzels Sticks,3.69,SNACK FOODS,Rold Gold
000000000300022630_EA,Ruffles® Flamin' Hot® Flavored Potato Chips,2.29,SNACK FOODS,Ruffles
000000000300023913_EA,SIMPLY Cheetos® Crunchy White Cheddar Cheese Flavored Snacks,4.99,SNACK FOODS,"Cheetos,Simply"
000000000300021128_EA,Lay's® Kettle Cooked Sea Salt & Vinegar Flavored Potato Chips,4.09,SNACK FOODS,Lay's
000000000300023184_EA,Lay's Poppables Potato Snacks Honey BBQ Flavored 5 Oz,3.79,SNACK FOODS,Lay's
000000000300027497_EA,"Lay's Potato Chips, Classic, 1 Oz 10 Count",4.99,SNACK FOODS,Lay's
000000000300024293_EA,Fritos Scoops Corn Chips Jalapeno 9.25 Oz Bag,3.99,SNACK FOODS,Fritos
000000000300021961_EA,"Tostitos Simply Organic Tortilla Chips Blue Corn with Sea Salt, 8 1/4 Ounce",3.99,SNACK FOODS,"Simply,Tostitos"
09538601,"Frito Lay  Snacks, Bold Mix Variety Pack, 18 Single Bags, 17 Oz",8.99,SNACK FOODS,Frito Lay Variety Pack
000000000300036002_EA,Lay's® Poppables® White Cheddar Flavored Potato Snacks,4.59,SNACK FOODS,Lay's
000000000300026462_EA,Red Rock Deli Kettle Style Potato Chips Lime & Cracked Pepper Flavored 6 7/8 Oz,3.99,SNACK FOODS,Red Rock Deli
000000000300020515_EA,BAKED Cheetos® Crunchy Cheese Flavored Snacks,3.99,SNACK FOODS,"Cheetos,Baked"
000000000300023294_EA,Lay's Wavy Potato Chips Lightly Salted Original 7.5 Oz,3.79,SNACK FOODS,Lay's
000000000300036035_EA,Lay's Poppables Potato Snacks Sea Salt 5 Oz,3.79,SNACK FOODS,Lay's
000000000300026459_EA,Red Rock Deli Kettle Style Potato Chips Sea Salt 7 Oz,3.99,SNACK FOODS,Red Rock Deli
000000000300027236_EA,Ruffles® Original Potato Chips,2.29,SNACK FOODS,Ruffles
000000000300020509_EA,BAKED Ruffles® Cheddar & Sour Cream Flavored Potato Chips,3.99,SNACK FOODS,"Baked,Ruffles"
000000000300027026_EA,Bare Baked Crunchy Medley Apple Chips & Strawberry Chips 1.6 Oz,4.99,FOOD IN HOME,Bare Baked Crunchy
000000000300026979_EA,Lays' Potato Chips Hot Sauce Flavored 7.75 Oz,3.79,SNACK FOODS,Lay's
000000000300019992_EA,SIMPLY Cheetos® Puffs White Cheddar Cheese Flavored Snacks,4.99,SNACK FOODS,"Cheetos,Simply"
000000000300024300_EA,Ruffles Double Crunch Potato Chips Zesty Cheddar 7.75 Oz Bag,4.29,SNACK FOODS,Ruffles
000000000300025773_EA,Lay's® Kettle Cooked Flamin' Hot® Flavored Potato Chips,4.09,SNACK FOODS,Lay's
000000000300024290_EA,Lay's Kettle Cooked Potato Chips Classic Beer Cheese 8 Ounce,3.49,SNACK FOODS,Lay's
000000000300027489_EA,Smartfood Caramel & Cinnamon Apple Flavored Popcorn,4.99,SNACK FOODS,Smartfood
000000000300027798_EA,Smartfood Popcorn Caramel & Cinnamon Apple Mix 7 Oz,3.99,SNACK FOODS,Smartfood
000000000300024331_EA,Lay's® Flamin' Hot® Dill Pickle Flavored Potato Chips,4.59,SNACK FOODS,Lay's
000000000300027732_EA,Smartfood Flavored Popcorn Snickerdoodle 6.25 Oz,3.99,SNACK FOODS,Smartfood
000000000300027742_EA,Smartfood Flavored Popcorn Snickerdoodle 6.25 Oz,3.99,SNACK FOODS,Smartfood
000000000300028456_EA,Cheetos Cheese Flavored Snacks Cheddar Crunch Pop Mix 2.25 Ounce,1.99,SNACK FOODS,Cheetos
000000000300028453_EA,Cheetos Cheese Flavored Snacks Cheddar Crunch Pop Mix 7 Ounce,3.99,SNACK FOODS,Cheetos
000000000300028811_EA,Cheetos Cheese Flavored Snacks Cheddar Crunch Pop Mix 7 Ounce,3.99,SNACK FOODS,Cheetos
000000000300028485_EA,Doritos Crunch Tortilla Chips Chili Cheese Nacho 6 Ounce,4.29,SNACK FOODS,Doritos
000000000300028493_EA,Doritos Crunch Tortilla Chips Chili Cheese Nacho 2 Ounce,1.99,SNACK FOODS,Doritos
000000000300028489_EA,Doritos® 3D® Crunch Spicy Ranch Flavored Tortilla Chips,5.59,SNACK FOODS,Doritos
000000000300028494_EA,Doritos Crunch Tortilla Chips Spicy Ranch 2 Ounce,1.99,SNACK FOODS,Doritos
000000000300028651_EA,LIVE FROM THE UPSIDE DOWN T-SHIRT + POSTER + DORITOS BUNDLE,15.0,SNACK FOODS,Lay's
000000000300028653_EA,Lay's Potato Chips Game Day Chili Flavored 7 3/4 Oz,15.0,SNACK FOODS,Lay's
000000000300036079_EA,Lay's Potato Chips Game Day Chili 2.625 Ounce,15.0,SNACK FOODS,Lay's
000000000300024899_EA,Lay's Potato Chips Crispy Taco Flavored 7.75 Oz,3.79,SNACK FOODS,Lay's
000000000300024901_EA,Lay's Potato Chips Crispy Taco Flavored 7.75 Oz,3.79,SNACK FOODS,Lay's
000000000300027542_EA,Lay's Kettle Cooked Potato Chips Flamin' Hot Limon 8 Oz,3.49,SNACK FOODS,Lay's
000000000300027950_EA,SunChips® Chili Lime Flavored Whole Grain Snacks,4.19,SNACK FOODS,Sunchips
000000000300028902_EA,SunChips® Chili Lime Flavored Whole Grain Snacks,4.19,SNACK FOODS,Sunchips
000000000300027965_EA,Tostitos® Habanero Flavored Tortilla Chips,5.59,SNACK FOODS,Tostitos
000000000300027968_EA,Tostitos® Habanero Flavored Tortilla Chips,5.59,SNACK FOODS,Tostitos
000000000300028052_EA,Ruffles Double Crunch Potato Chips Spicy Cheddar Jack Flavored 2.375 Oz,1.99,SNACK FOODS,Ruffles
000000000300028065_EA,Ruffles® Double Crunch Spicy Cheddar Jack Flavored Potato Chips,5.59,SNACK FOODS,Ruffles
000000000300028070_EA,Ruffles® Double Crunch Spicy Cheddar Jack Flavored Potato Chips,5.59,SNACK FOODS,Ruffles
000000000300027999_EA,Ruffles® Flamin' Hot® BBQ Flavored Potato Chips,2.29,SNACK FOODS,Ruffles
000000000300028019_EA,Ruffles® Flamin' Hot® BBQ Flavored Potato Chips,5.59,SNACK FOODS,Ruffles
000000000300028027_EA,Ruffles® Flamin' Hot® BBQ Flavored Potato Chips,5.59,SNACK FOODS,Ruffles
000000000300027872_EA,Smartfood Smart 50 Flavored Popcorn Sweet & Salty Caramel 5 Oz,3.99,SNACK FOODS,Smartfood
000000000300027876_EA,Smartfood Smart 50 Flavored Popcorn Sweet & Salty Caramel 5 Oz,3.99,SNACK FOODS,Smartfood
000000000300028024_EA,3.49 LAYS KETTLE COOKED EXTRA HONEY HABANERO,3.49,SNACK FOODS,Lay's
000000000300028032_EA,3.49 MT LAYS KETTLE COOKED EXTRA HONEY HABANERO,3.49,SNACK FOODS,Lay's
000000000300028035_EA,3.49 LAYS KETTLE COOKED EXTRA EXTREME CHEDDAR,3.49,SNACK FOODS,Lay's
000000000300028038_EA,3.49 MT LAYS KETTLE COOKED EXTRA EXTREME CHEDDAR,3.49,SNACK FOODS,Lay's
000000000300028471_EA,Lay's® Poppables Southwest Ranch Flavored Potato Snacks,4.59,SNACK FOODS,Lay's
000000000300028476_EA,Lay's® Poppables Southwest Ranch Flavored Potato Snacks,4.59,SNACK FOODS,Lay's
000000000300027164_EA,Off The Eaten Path® Sea Salt & Black Pepper Veggie Crisps,4.49,SNACK FOODS,Off The Eaten Path
000000000300027165_EA,Off The Eaten Path® Sea Salt & Black Pepper Veggie Crisps,4.49,SNACK FOODS,Off The Eaten Path
000000000300027374_EA,Off The Eaten Path® Jalapeno Flavored Veggie Crisps,4.49,SNACK FOODS,Off The Eaten Path
000000000300027375_EA,Off The Eaten Path® Jalapeno Flavored Veggie Crisps,4.49,SNACK FOODS,Off The Eaten Path
000000000300028636_EA,Tostitos® Cantina Thin & Crispy Tortilla Chips,5.59,SNACK FOODS,Tostitos
000000000300028637_EA,Tostitos® Cantina Traditional Tortilla Chips,5.59,SNACK FOODS,Tostitos
000000000300028373_EA,Tostitos® Hint of Lime Flavored Tortilla Chips,5.59,SNACK FOODS,Tostitos
000000000300028097_EA,Ruffles® Original Potato Chips,5.59,SNACK FOODS,Ruffles
000000000300028107_EA,Ruffles® Cheddar & Sour Cream Flavored Potato Chips,5.59,SNACK FOODS,Ruffles
10524300,Doritos® Cool Ranch® Flavored Tortilla Chips,5.59,SNACK FOODS,Doritos
10525000,Doritos® Nacho Cheese Flavored Tortilla Chips,5.59,SNACK FOODS,Doritos
000000000300028096_EA,Doritos® Spicy Sweet Chili Flavored Tortilla Chips,5.59,SNACK FOODS,Doritos
000000000300028086_EA,Doritos® Flamin' Hot® Nacho Flavored Tortilla Chips,5.59,SNACK FOODS,Doritos
000000000300028411_EA,Tostitos® Strips Tortilla Chips,5.59,SNACK FOODS,Tostitos
000000000300029137_EA,Baken-Ets Fried Pork Skins Traditional 4 Oz,2.29,SNACK FOODS,Baken-Ets
000000000300029141_EA,Baken-Ets Fried Pork Skins Hot N' Spicy Flavored 3 Oz,2.29,SNACK FOODS,Baken-Ets
000000000300029145_EA,Baken-Ets Fried Pork Skins Sweet Southern Heat BBQ Flavored 3 Oz,2.29,SNACK FOODS,Baken-Ets
000000000300028085_EA,Doritos® Salsa Verde Flavored Tortilla Chips,5.59,SNACK FOODS,Doritos
000000000300028095_EA,Doritos® Flamin' Hot® Limon Flavored Tortilla Chips,5.59,SNACK FOODS,Doritos
000000000300028378_EA,Tostitos® Bite Size Tortilla Chips,5.59,SNACK FOODS,Tostitos
000000000300028399_EA,Tostitos® Crispy Rounds Tortilla Chips,5.59,SNACK FOODS,Tostitos
000000000300028401_EA,Tostitos® Restaurant Style Tortilla Chips,5.59,SNACK FOODS,Tostitos
000000000300028285_EA,Doritos® Cool Ranch® Flavored Tortilla Chips,5.59,SNACK FOODS,Doritos
000000000300028291_EA,Doritos® Salsa Verde Flavored Tortilla Chips,5.59,SNACK FOODS,Doritos
000000000300028298_EA,Doritos Tortilla Chips Nacho Cheese Flavored 9.75 Oz,4.29,SNACK FOODS,Doritos
000000000300028303_EA,Doritos® Spicy Nacho Flavored Tortilla Chips,5.59,SNACK FOODS,Doritos
000000000300028306_EA,Doritos® Tapatio® Flavored Tortilla Chips,5.59,SNACK FOODS,"Doritos,Sabritas"
000000000300028321_EA,Doritos Tortilla Chips Spicy Sweet Chili Flavored 9.75 Oz,4.29,SNACK FOODS,Doritos
000000000300028294_EA,Doritos® Flamin' Hot® Nacho Flavored Tortilla Chips,5.59,SNACK FOODS,Doritos
000000000300028317_EA,Doritos® Flamin' Hot® Limon Flavored Tortilla Chips,5.59,SNACK FOODS,Doritos
000000000300028205_EA,Ruffles® Cheddar & Sour Cream Flavored Potato Chips,5.59,SNACK FOODS,Ruffles
000000000300028135_EA,Ruffles® Lime & Jalapeno Flavored Potato Chips,5.59,SNACK FOODS,Ruffles
000000000300028167_EA,Ruffles® Original Potato Chips,5.59,SNACK FOODS,Ruffles
000000000300028124_EA,Ruffles® Queso Cheese Flavored Potato Chips,5.59,SNACK FOODS,"Ruffles,Sabritas"
000000000300028248_EA,Ruffles® Queso Cheese Flavored Potato Chips,5.59,SNACK FOODS,"Ruffles,Sabritas"
000000000300028190_EA,Ruffles® Sour Cream & Onion Flavored Potato Chips,5.59,SNACK FOODS,Ruffles
000000000300028383_EA,Tostitos® Bite Size Tortilla Chips,5.59,SNACK FOODS,Tostitos
000000000300028374_EA,Tostitos® Hint of Lime Flavored Tortilla Chips,5.59,SNACK FOODS,Tostitos
000000000300028449_EA,Tostitos® Salsa Verde Flavored Tortilla Chips,4.29,SNACK FOODS,"Tostitos,Sabritas"
000000000300028450_EA,Tostitos® Salsa Verde Flavored Tortilla Chips,4.29,SNACK FOODS,"Tostitos,Sabritas"
000000000300028092_EA,Doritos® Dinamita® Chile Limon Flavored Rolled Tortilla Chips,5.59,SNACK FOODS,"Doritos,Sabritas"
000000000300028310_EA,Doritos® Dinamita® Chile Limon Flavored Rolled Tortilla Chips,5.59,SNACK FOODS,"Doritos,Sabritas"
000000000300028090_EA,Doritos Tortilla Chips Tapatio Flavored 9.75 Oz,4.29,SNACK FOODS,"Doritos,Sabritas"
000000000300028091_EA,Doritos® Flamas® Flavored Tortilla Chips,5.59,SNACK FOODS,"Doritos,Sabritas"
000000000300028117_EA,Ruffles® Double Crunch Hot Wings Flavored Potato Chips,4.79,SNACK FOODS,Ruffles
000000000300028130_EA,Ruffles® Jalapeno Ranch Flavored Potato Chips,5.59,SNACK FOODS,Ruffles
000000000300028150_EA,Doritos Tortilla Chips Cool Ranch Flavored 15 Oz,5.29,SNACK FOODS,Doritos
000000000300028235_EA,Ruffles® Flamin' Hot® Flavored Potato Chips,5.59,SNACK FOODS,Ruffles
000000000300029103_EA,Sabritas Potato Chips Adobadas Flavored,4.59,SNACK FOODS,Lay's
000000000300027992_EA,Lay's Potato Chips Chile Mango Flavored,4.59,SNACK FOODS,Lay's
000000000300028923_EA,Lay's Potato Chips Summer BLT Flavored 7.75 Oz,3.79,SNACK FOODS,Lay's
000000000300028925_EA,Lay's Potato Chips Summer BLT Flavored 7.75 Oz,3.79,SNACK FOODS,Lay's
000000000300028932_EA,Lay's Wavy Potato Chips Jerk Chicken Flavored 7.5 Oz,3.79,SNACK FOODS,Lay's
000000000300028934_EA,Lay's Wavy Potato Chips Jerk Chicken Flavored 7.5 Oz,3.79,SNACK FOODS,Lay's
000000000300027030_EA,Fritos® Barbeque Flavored Corn Chips,5.19,SNACK FOODS,Fritos
000000000300027909_EA,PopCorners® Kettle Corn Flavored Popped-Corn Snacks,4.29,SNACK FOODS,PopCorners
000000000300027913_EA,PopCorners® Sea Salt Popped-Corn Snacks,4.29,SNACK FOODS,PopCorners
000000000300027917_EA,PopCorners® Spicy Queso Flavored Popped-Corn Snacks,4.29,SNACK FOODS,PopCorners
000000000300027919_EA,PopCorners Corn Snacks Spicy Sweet Chili 7 Ounce,3.49,SNACK FOODS,PopCorners
000000000300027920_EA,PopCorners® White Cheddar Flavored Popped-Corn Snacks,4.29,SNACK FOODS,PopCorners
000000000300028626_EA,PopCorners® White Cheddar Flavored Popped-Corn Snacks,2.29,SNACK FOODS,PopCorners
000000000300028628_EA,PopCorners® Kettle Corn Flavored Popped-Corn Snacks,2.29,SNACK FOODS,PopCorners
000000000300028629_EA,PopCorners® Spicy Queso Flavored Popped-Corn Snacks,2.29,SNACK FOODS,PopCorners
000000000300028630_EA,PopCorners® Sea Salt Popped-Corn Snacks,2.29,SNACK FOODS,PopCorners
000000000300028738_EA,PopCorners® Sour Cream & Onion Flavored Popped-Corn Snacks,4.29,SNACK FOODS,PopCorners
000000000300027977_EA,PopCorners® Kettle Corn Flavored Popped-Corn Snacks,4.29,SNACK FOODS,PopCorners
000000000300027981_EA,PopCorners® Sea Salt Popped-Corn Snacks,4.29,SNACK FOODS,PopCorners
000000000300027985_EA,PopCorners® Spicy Queso Flavored Popped-Corn Snacks,4.29,SNACK FOODS,PopCorners
000000000300027987_EA,PopCorners® White Cheddar Flavored Popped-Corn Snacks,4.29,SNACK FOODS,PopCorners
000000000300028739_EA,PopCorners The Crunchy And Wholesome Popped Corn Snack Sour Cream & Onion 7 Oz,3.49,SNACK FOODS,PopCorners
000000000300028522_EA,PopCorners Corn Snacks Spicy Sweet Chili 7 Ounce,3.49,SNACK FOODS,PopCorners
000000000300029411_EA,Cheetos® Crunchy Mexican Street Corn Cheese Flavored Snacks,2.29,SNACK FOODS,Cheetos
000000000300029162_EA,Smartfood Krispy Kreme Flavored Popcorn Original Glazed Doughnut 7.75 Oz,3.99,SNACK FOODS,Smartfood
000000000300029166_EA,Smartfood Krispy Kreme Flavored Popcorn Original Glazed Doughnut 7.75 Oz,3.99,SNACK FOODS,Smartfood
000000000300027004_EA,Cheetos Pepper Puffs Cheese Flavored Snacks Flamin' Hot 7 Oz,3.99,SNACK FOODS,Cheetos
000000000300027600_EA,Cheetos Pepper Puffs Cheese Flavored Snacks Flamin' Hot 7 Oz,3.99,SNACK FOODS,Cheetos
000000000300036050_EA,Cheetos Pepper Puffs Cheese Flavored Snacks Flamin' Hot Flavored 2 3/8 Oz,1.99,SNACK FOODS,Cheetos
000000000300029227_EA,Doritos Flavored Tortilla Chips Xxtra Flamin' Hot Nacho,5.59,SNACK FOODS,Doritos
000000000300029341_EA,Doritos Flavored Tortilla Chips Xxtra Flamin' Hot Nacho,5.59,SNACK FOODS,Doritos
000000000300029228_EA,Doritos Flavored Tortilla Chips Xxtra Flamin' Hot Nacho,2.29,SNACK FOODS,Doritos
000000000300029377_EA,Fritos® Barbeque Flavored Corn Chips,2.29,SNACK FOODS,Fritos
000000000300029357_EA,Lay's Potato Chips Cheetos Cheese Flavored 7.75 Oz,3.79,SNACK FOODS,Lay's
000000000300029359_CS,Lay's Potato Chips Doritos Cool Ranch Flavored 7.75 Oz,3.79,SNACK FOODS,Lay's
000000000300029361_EA,Lay’s® Wavy Funyuns Onion Flavored Potato Chips,3.79,SNACK FOODS,Lay's
000000000300029894_EA,Doritos Tortilla Chips Tangy Ranch 2.75 Ounce,1.99,SNACK FOODS,Doritos
110174000,Doritos Tangy Pickle,4.29,SNACK FOODS,Doritos
000000000300029884_EA,Doritos Dinamita Flamin Hot Queso,1.99,SNACK FOODS,Doritos
10854100,Nut Harvest Mixed Nuts 2.25 Ounce Plastic Bag,15.92,SNACK FOODS,Nut Harvest
000000000300029585_EA,Nut Harvest Nut & Fruit Mix 2.25 Oz,15.92,SNACK FOODS,Nut Harvest
000000000300029589_EA,Nut Harvest Pistachios Salted 1.75 Oz,15.92,SNACK FOODS,Nut Harvest
000000000300029579_EA,Nut Harvest Whole Cashews Sea Salted 2.25 Oz,15.92,SNACK FOODS,Nut Harvest
000000000300029583_EA,Nut Harvest Nut & Chocolate Mix 2.25 Ounce Plastic Bag,15.92,SNACK FOODS,Nut Harvest
000000000300029077_EA,Rold Gold Original Tiny Twists,0.77,SNACK FOODS,Bare Baked Crunchy
000000000300029078_EA,SunChips® Harvest Cheddar® Flavored Whole Grain Snacks,0.75,SNACK FOODS,Sunchips
000000000300029079_EA,Lay's® Wavy Original Potato Chips,0.77,SNACK FOODS,Lay's
000000000300029081_EA,Ruffles® Original Potato Chips,0.77,SNACK FOODS,Ruffles
000000000300029456_EA,SVLR FRITOS CHILI CHEESE,0.77,SNACK FOODS,Fritos
000000000300029454_EA,SVLR FRITOS FLAMIN HOT,0.77,SNACK FOODS,Fritos
000000000300029245_EA,SVLR LAY'S CHEDDAR & SOUR CREAM,0.77,SNACK FOODS,Chester's
000000000300029253_EA,SVLR LAY'S CHILI LIMON,0.77,SNACK FOODS,Cap'n Crunch
10759900,Ruffles® Sour Cream & Onion Flavored Potato Chips,0.77,SNACK FOODS,Ruffles
000000000300029250_EA,SIMPLY Doritos® Organic White Cheddar Flavored Tortilla Chips,0.77,SNACK FOODS,Doritos
000000000300029244_EA,SVLR DORITOS TAPATIO,0.77,SNACK FOODS,Doritos
000000000300029455_EA,SVLR DORITOS FLAMAS,0.77,SNACK FOODS,Doritos
10759800,SVLR BAKED LAYS BBQ,0.77,SNACK FOODS,Lay's
000000000300029255_EA,SVLR BAKED LAY'S ORIGINAL,0.77,SNACK FOODS,Lay's
000000000300029243_EA,BAKED Ruffles® Cheddar & Sour Cream Flavored Potato Chips,0.75,SNACK FOODS,"Baked,Ruffles"
10760300,SunChips® Original Flavored Whole Grain Snacks,0.77,SNACK FOODS,Sunchips
000000000000610000_EA,LIFE SAVERS GUMMIES FIVE FLAVOR 7OUNCE,3.49,CANDY,LIFE SAVERS
61000100,EXTRA 15 STICK SPEARMINT SLIM PACK,1.59,CANDY,EXTRA
61000200,LFS GUMMI WILDBERRIES KROGER DRC-RS,3.49,CANDY,LIFE SAVERS
61000300,SKITTLES WILD BERRY 2.17OZ,1.49,CANDY,SKITTLES
61000500,EXTRA PEPPERMINT 35STK,2.99,CANDY,EXTRA
61000700,LIFESAVERS GUMMI NEONS 198G 9B-RSU,3.49,CANDY,LIFE SAVERS
61000800,SKITTLES ORIGINAL FRUIT TEAR N SHARE 4 OUNCES,1.99,CANDY,SKITTLES
61000900,SKITTLES WILD BERRY SHARE SIZE 4OZ,1.99,CANDY,SKITTLES
61001000,EXTRA SPEARMINT 35STK,2.99,CANDY,EXTRA
61001100,STARBURST ORIGINAL SINGLES 2.07 OUNCE,1.49,CANDY,STARBURST
61001200,STARBURST FAVE REDS TEAR N SHARE 3.45 OUNCE,1.99,CANDY,STARBURST
61001300,EXTRA POLAR ICE 35STK,2.99,CANDY,EXTRA
61001400,SKITTLES ORIGINAL SINGLES 2.17 OUNCES,1.49,CANDY,SKITTLES
000000000000610016_EA,LIFESAVERS GUMMIES COLLISIONS PEG BAG,3.49,CANDY,LIFE SAVERS
60010900,Shipping SKU,4.99,SHIPPING DESTINATION,
000000000300030112_EA,Cheetos Crunchy Cheese Flavored Snacks Flamin' Hot Limon Flavored 1 Oz,0.77,SNACK FOODS,Cheetos
000000000300030113_EA,Chester's Fries Corn & Potato Snacks Flamin' Hot Flavored 1 Oz,0.77,SNACK FOODS,Chester's
000000000300030114_EA,Funyuns® Flamin' Hot® Flavored Onion Rings,0.77,SNACK FOODS,Funyuns
10967200,Fritos® Twists Honey BBQ Flavored Corn Snacks,0.77,SNACK FOODS,Fritos
000000000300030116_EA,Funyuns® Onion Flavored Rings,0.77,SNACK FOODS,Funyuns
10967600,Ruffles® Cheddar & Sour Cream Flavored Potato Chips,0.77,SNACK FOODS,Ruffles
000000000300030119_EA,Fritos Corn Chips Original 1 Oz,0.77,SNACK FOODS,Fritos
000000000300030120_EA,Cheetos Crunchy Cheese Flavored Snacks 1 Oz,0.77,SNACK FOODS,Cheetos
000000000300030121_EA,Cheetos Crunchy Cheese Flavored Snacks Flamin' Hot Flavored 1 Oz,0.77,SNACK FOODS,Cheetos
000000000300030122_EA,Lay's Potato Chips Barbecue Flavored 1 Oz,0.77,SNACK FOODS,Lay's
000000000300030123_EA,Lay's Potato Chips Classic 1 Oz,0.77,SNACK FOODS,Lay's
000000000300030124_EA,Lay's Potato Chips Salt And Vinegar Flavored 1 Oz,0.77,SNACK FOODS,Lay's
000000000300030125_EA,Lay's Potato Chips Sour Cream And Onion Flavored 1 Oz,0.77,SNACK FOODS,Lay's
000000000300030126_EA,Doritos Tortilla Chips Cool Ranch 1 Ounce,0.77,SNACK FOODS,Doritos
000000000300030127_EA,Doritos Tortilla Chips Flamin Hot Nacho 1.125 Oz Bag,0.77,SNACK FOODS,Doritos
000000000300030128_EA,Doritos Tortilla Chips Nacho Cheese Flavored 1 Oz,0.77,SNACK FOODS,Doritos
000000000300030129_EA,Doritos Tortilla Chips Spicy Nacho Flavored 1.0 Oz,0.77,SNACK FOODS,Doritos
000000000300030130_EA,Doritos Tortilla Chips Spicy Sweet Chili Flavored 1 Oz,0.77,SNACK FOODS,Doritos
000000000300030131_EA,Cheetos® Cheddar Flavored Popcorn,2.0,SNACK FOODS,Cheetos
000000000300030132_EA,Cheetos® Flamin' Hot® Flavored Popcorn,2.0,SNACK FOODS,Cheetos
10966300,Cheetos® Puffs Cheese Flavored Snacks,0.77,SNACK FOODS,Cheetos
000000000300030381_EA,Smartfood® White Cheddar Flavored Popcorn,0.77,SNACK FOODS,Smartfood
000000000300027586_EA,Tostitos® Nacho Cheese Dip,1.29,FOOD IN HOME,Tostitos
05063500,Tostitos Dips Salsa Con Queso 15 Oz,3.99,FOOD IN HOME,Tostitos
05064700,Tostitos Dips Creamy Spinach 15 Oz,3.99,FOOD IN HOME,Tostitos
05228200,Tostitos Dips Dip Zesty Bean and Cheese 15-3/4 Oz,3.99,FOOD IN HOME,Tostitos
05369100,Lay's French Onion Dip 15 Ounce Glass Jar,3.99,FOOD IN HOME,Lay's
05369200,Lay's Smooth Ranch Dip 15 OZ,3.99,FOOD IN HOME,Lay's
000000000300020087_EA,Frito Lay French Onion Dip,3.29,FOOD IN HOME,Frito Lay
000000000300020195_EA,Munchies® Flamin' Hot® Flavored Snack Mix,3.29,SNACK FOODS,Munchies
06539600,Tostitos Restaurant Style Salsa Medium 15-1/2 Oz,3.59,FOOD IN HOME,Tostitos
06539700,Tostitos Dips Salsa Medium Chunky 15-1/2 Oz,3.59,FOOD IN HOME,Tostitos
06986100,Tostitos Cantina Tortilla Chips Thin and Crispy 9 Oz,3.29,SNACK FOODS,Tostitos
07126600,Tostitos Cantina Tortilla Chips Traditional 12 Oz,3.29,SNACK FOODS,Tostitos
07255800,Tostitos Tortilla Chips Hint of Lime Flavored 13 Oz,4.29,SNACK FOODS,Tostitos
07571300,Tostitos Dip Queso Blanco 15 Ounce Glass Jar,3.99,FOOD IN HOME,Tostitos
08353701,Nut Harvest Pistachios Salted 1.75 Oz,15.92,SNACK FOODS,Nut Harvest
000000000300027587,Tostitos Dips Salsa Medium 3.8 Oz,1.19,FOOD IN HOME,Tostitos
08376100,Ruffles Potato Chips Original 9 Oz,4.29,SNACK FOODS,Ruffles
08377200,Ruffles Potato Chips Cheddar & Sour Cream Flavored 8.5 Oz,4.29,SNACK FOODS,Ruffles
08649900,"Doritos Tortilla Chips, Cool Ranch Flavored 9.75 Oz",4.29,SNACK FOODS,Doritos
08651400,Doritos Tortilla Chips Nacho Cheese Flavored 9.75 Oz,4.29,SNACK FOODS,Doritos
08653300,Doritos Tortilla Chips Spicy Sweet Chili Flavored 9.75 Oz,4.29,SNACK FOODS,Doritos
08665700,"Quaker Chewy Chocolate Chip Granola Bars, 0.84 Oz",1.79,CANDY WITH FLOUR,Quaker
08665900,"Quaker Chewy Granola Bar, Peanut Butter Chocolate Chip, 0.84 Oz",1.79,CANDY WITH FLOUR,Quaker
08666000,Quaker Chewy Granola Bar Oatmeal Raisin 0.84 Oz,1.79,CANDY WITH FLOUR,Quaker
08666100,Quaker Chewy Granola Bars Strawberry Yogurt 1.23z,1.79,CANDY WITH FLOUR,Quaker
08668700,"Quaker Chewy Granola Bar, S'mores, 0.84 Oz",1.79,CANDY WITH FLOUR,Quaker
08941500,Lay's Simply Sea Salt Potato Chips 2.25 Ounce Plastic Bag,1.89,SNACK FOODS,Lay's
08967401,Nut Harvest Mixed Nuts 2.25 Ounce Plastic Bag,15.92,SNACK FOODS,Nut Harvest
08967601,Nut Harvest Whole Cashews Sea Salted 2.25 Oz,15.92,SNACK FOODS,Nut Harvest
08968101,Nut Harvest Nut & Fruit Mix 2.25 Oz,15.92,SNACK FOODS,Nut Harvest
08968401,Nut Harvest Nut & Chocolate Mix 2.25 Ounce Plastic Bag,15.92,SNACK FOODS,Nut Harvest
09213500,Lay's Stax Potato Crisps Mesquite Barbecue Flavored 5.5 Oz,1.99,SNACK FOODS,Lay's
09213600,Lay's Stax Original 5.75 Ounce Canister,1.99,SNACK FOODS,Lay's
09213700,Lay's Stax Potato Crisps Cheddar 5.5 Oz,1.99,SNACK FOODS,Lay's
09213800,Lay's STAX Potato Crisps Sour Cream and Onion Flavored 5.5 Oz,1.99,SNACK FOODS,Lay's
09213900,Lay?s Stax Potato Crisps Xtra Flamin' Hot Flavored 5.5 Oz,1.99,SNACK FOODS,Lay's
09239500,Doritos Tortilla Chips Flamin' Hot Nacho Flavored 9.75 Oz,4.29,SNACK FOODS,Doritos
000000000300025190_EA,Munchies® Peanut Butter on Golden Toast Cracker Sandwiches,4.72,FOOD IN HOME,Munchies
07388601,1.89 PL STP CRK JACK,11.34,CLASS,Cracker Jack
08152201,Baken-Ets Fried Pork Skins Hot'n Spicy 2.375 Oz,11.34,SNACK FOODS,Baken-Ets
09160101,"Matador Beef Jerky Teriyaki, 3 Oz",41.94,FOOD IN HOME,Matador Meat Snacks
09160701,Matador Beef Jerky Peppered 3 OZ,41.94,FOOD IN HOME,Matador Meat Snacks
000000000300026422,"Cheetos Bites Cheese Flavored Snacks, White Cheddar, 2.375 Oz",1.99,SNACK FOODS,Cheetos
08373000,Cheetos® Crunchy Cheddar Jalapeno Cheese Flavored Snacks,5.19,SNACK FOODS,Cheetos
08975200,Chester's Fries Corn And Potato Snacks Bacon Cheddar Flavored 5 - 1/4 Oz,2.29,SNACK FOODS,Chester's
08270101,Munchies Frito Lay Snack Mix Flamin' Hot Flavored 3 Oz,13.23,SNACK FOODS,Munchies
08277601,Munchies Frito Lay Snack Mix Cheese Fix Flavored 3 Oz,45.36,SNACK FOODS,Munchies
09955200,"Tostitos Tortilla Chips, Strips, 13 Oz",4.29,SNACK FOODS,Tostitos
09985300,"Tostitos Dips, Avocado Salsa, 15.0 Oz",3.99,FOOD IN HOME,Tostitos
000000000300027210,"Lay's Poppables Potato Snacks Creamy Jalapeno Flavored, 1.875 Oz",1.89,SNACK FOODS,Lay's
09985400,"Lay's Potato Chips, Barbecue Flavor, Party Size 12.5 Oz",4.79,SNACK FOODS,Lay's
09985600,"Lay's Potato Chips, Sour Cream & Onion Flavored, Party Size, 12.5 Oz",4.79,SNACK FOODS,Lay's
000000000300027179,Baken-Ets Fried Pork Skins Traditional 3 Oz,2.29,SNACK FOODS,Baken-Ets
000000000300027183,Baken-Ets Fried Pork Skins Hot N' Spicy Flavored 3 Oz,2.29,SNACK FOODS,Baken-Ets
000000000300027187,Baken-Ets Fried Pork Skins Sweet Southern Heat BBQ Flavored 3 Oz,2.29,SNACK FOODS,Baken-Ets
08750100,"(DISCO) Frito Lay Sunflower Seeds, Ranch Naturally and Artificially Flavored Extra Long",0.99,SNACK FOODS,Frito Lay
06539900,Tostitos Dips Salsa Mild 15-1/2 Ounce,3.59,FOOD IN HOME,Tostitos
09596900,Cheetos Puffs Cheese Flavored Snacks Flamin' Hot Flavored 8 Oz,3.99,SNACK FOODS,Cheetos
08651000,Doritos Salsa Verde Tortilla Chips 9.75 Ounce,4.29,SNACK FOODS,Doritos
000000000300022362_EA,Doritos Tortilla Chips Spicy Nacho Flavored 9.75 Oz,7.29,SNACK FOODS,Doritos
09963500,Doritos Tortilla Chips Flamin' Hot Limon Flavored 9.75 Oz,4.29,SNACK FOODS,Doritos
09830200,FritoLay Classic Mix Variety Pack 1 Oz 18 Count Bags,8.99,SNACK FOODS,Frito Lay Variety Pack
09831600,"Frito Lay Snacks, Flavor Mix Variety Pack, 18 Single Bags, 18 Oz",8.99,SNACK FOODS,Frito Lay Variety Pack
08981400,Lay's Wavy Potato Chips Ranch 7.5 Ounce Plastic Bag,3.79,SNACK FOODS,Lay's
08981500,Lay's Wavy Potato Chips Hickory BBQ Flavored 7.5 Oz,3.79,SNACK FOODS,Lay's
000000000300025787,"Lay's Potato Chips, Classic, Party Size, 13 Oz",4.79,SNACK FOODS,Lay's
05921000,Racheritos Tortilla Chips 7.625 Oz,2.99,SNACK FOODS,"Rancheritos,Sabritas"
000000000300027432_EA,Rold Gold® Original Pretzels Thins,1.49,SNACK FOODS,Rold Gold
08376800,Ruffles Sour Cream And Onion Potato Chips 8.5 Ounce Plastic Bag,4.29,SNACK FOODS,Ruffles
05615300,Tostitos Dip Smooth & Cheesy Flavored 15 OZ,3.99,FOOD IN HOME,Tostitos
07255500,Tostitos Tortilla Chips Bite Size 13 Oz,4.29,SNACK FOODS,Tostitos
07255700,Tostitos Tortilla Chips Crispy Rounds 13 Oz,4.29,SNACK FOODS,Tostitos
07256000,Tostitos Restaurant Style Tortilla Chips Original 13 Oz,4.29,SNACK FOODS,Tostitos
000000000300027051,Baken-Ets Fried Pork Skins Hot'n Spicy 2.125 Oz,1.89,SNACK FOODS,Baken-Ets
07486100,Cheetos Baked Cheese Flavored Snacks Flamin' Hot Flavored 7.625 Ounce,3.29,SNACK FOODS,Baked
09717500,Cheetos Crunchy Cheese Flavored Snacks 2.0 Ounce Plastic Bag,1.09,SNACK FOODS,Cheetos
09952100,Cheetos Popcorn Flamin' Hot Flavored 6.5 Oz,3.99,SNACK FOODS,Cheetos
09587900,Cheetos Puffs Cheese Flavored Snacks 1.75 Oz Bag,1.09,SNACK FOODS,Cheetos
05232900,Cheetos Simply Puffs White Cheddar Cheese 8 Oz,3.99,SNACK FOODS,"Simply,Cheetos"
06153600,Doritos Tortilla Chips Tapatio Flavored 7.625 Oz,2.99,SNACK FOODS,Doritos
07798100,"Doritos Rolled Tortilla Chips, Dinamita Chile Limon Flavored, 9.25 Oz",2.99,SNACK FOODS,Doritos
08650100,"Doritos Tortilla Chips, Cool Ranch Flavored 9.75 Oz",4.29,SNACK FOODS,Doritos
08651200,Doritos Salsa Verde Tortilla Chips 9.75 Ounce,4.29,SNACK FOODS,Doritos
08651700,Doritos Tortilla Chips Nacho Cheese Flavored 9.75 Oz,4.29,SNACK FOODS,Doritos
08652500,Doritos Tortilla Chips Spicy Nacho Flavored 9.75 Oz,4.29,SNACK FOODS,Doritos
08652800,Doritos Tortilla Chips Tapatio Flavored 9.75 Oz,4.29,SNACK FOODS,Doritos
08653500,Doritos Tortilla Chips Spicy Sweet Chili Flavored 9.75 Oz,4.29,SNACK FOODS,Doritos
09417400,Doritos Tortilla Chips Flamin' Hot Nacho Flavored 9.75 Oz,4.29,SNACK FOODS,Doritos
09965700,Doritos Tortilla Chips Flamin' Hot Limon Flavored 9.75 Oz,4.29,SNACK FOODS,Doritos
08098300,Lay's Kettle Cooked Potato Chips Jalapeno Flavored 8 Oz,3.49,SNACK FOODS,Lay's
08104700,Lay's Potato Chips Flamin Hot Flavored 7.75 Ounce Bag,3.79,SNACK FOODS,Lay's
08105900,Lay's Potato Chips Chile Limon Flavored 7.75 Oz,3.79,SNACK FOODS,"Lay's,Sabritas"
09588600,Lay's Classic Potato Chips 1.50 Ounce Plastic Bag,1.09,SNACK FOODS,Lay's
09774701,Munchies Frito Lay Sandwich Crackers Cheese Flavored Cracker with Peanut Butter Filling 1.42 Oz 8 Count,2.29,FOOD IN HOME,Munchies
06497600,Rold Gold Thins Pretzels Original Flavored 16 Oz Bag,3.29,SNACK FOODS,Rold Gold
09588800,Ruffles Cheddar & Sour Cream Potato Chips 1.50 Ounce Plastic Bag,1.09,SNACK FOODS,Ruffles
08683600,Ruffles Flamin Hot Potato Chips 8.5 Ounce Plastic Bag,4.29,SNACK FOODS,Ruffles
08377400,Ruffles Potato Chips Cheddar & Sour Cream Flavored 8.5 Oz,4.29,SNACK FOODS,Ruffles
09979700,Ruffles Potato Chips Lime & Jalapeno Flavored 8.5 Oz,4.29,SNACK FOODS,Ruffles
000000000300026752,Ruffles Potato Chips Lime & Jalapeno Flavored 8.5 Oz,4.29,SNACK FOODS,Ruffles
08376300,Ruffles Potato Chips Original 9 Oz,4.29,SNACK FOODS,Ruffles
08437900,Ruffles Queso Cheese Potato Chips 8.5 Ounce Bag,4.29,SNACK FOODS,Ruffles
08438000,Ruffles Queso Cheese Potato Chips 8.5 Ounce Bag,4.29,SNACK FOODS,Ruffles
08377000,Ruffles Sour Cream And Onion Potato Chips 8.5 Ounce Plastic Bag,4.29,SNACK FOODS,Ruffles
000000000300026154,Sabritas Turbos Corn Snacks Flamas 8.25 Oz,2.99,SNACK FOODS,Sabritas
07492800,SunChips Whole Grain Snacks Harvest Cheddar Flavored 7 Oz,3.29,SNACK FOODS,Sunchips
07255600,Tostitos Tortilla Chips Bite Size 13 Oz,4.29,SNACK FOODS,Tostitos
07255900,Tostitos Tortilla Chips Hint of Lime Flavored 13 Oz,4.29,SNACK FOODS,Tostitos
08398000,Tostitos Dips Salsa Habanero Hot Chunky 15-1/2 Oz,3.59,FOOD IN HOME,Tostitos
08527500,Tostitos Corn Tortilla Chips Salsa Verde Naturally And Artificially Flavored 12.5 Oz,4.29,SNACK FOODS,Tostitos
08646100,Tostitos Corn Tortilla Chips Salsa Verde Naturally And Artificially Flavored 12.5 Oz,4.29,SNACK FOODS,Tostitos
000000000300026723_EA,Gamesa® Emperador Chocolate Flavored Sandwich Cookies,13.9,COOKIES PLAIN,Gamesa
000000000300026725_EA,Gamesa® Emperador Limon Flavored Sandwich Cookies,13.9,COOKIES PLAIN,Gamesa
000000000300026727_EA,Gamesa® Chokis Chocolate Chip Cookies,13.9,COOKIES PLAIN,Gamesa
000000000300026729_EA,Gamesa® Mamut Marshmallow Cookie with Chocolate Flavored Coating,6.9,COOKIES PLAIN,Gamesa
08766200,Doritos Dinamita Chile Limon Rolled Tortilla Chips 11.25 Ounce,4.29,SNACK FOODS,Doritos
08766300,Doritos Dinamita Chile Limon Rolled Tortilla Chips 11.25 Ounce,4.29,SNACK FOODS,Doritos
08971900,Baken-Ets Fried Pork Skins Traditional 3 Oz,2.29,SNACK FOODS,Baken-Ets
08972000,Baken-Ets Fried Pork Skins Hot N' Spicy Flavored 3 Oz,2.29,SNACK FOODS,Baken-Ets
09607200,Bare Baked Crunchy Banana Chips Simply 2.7 Oz Bag,4.99,FOOD IN HOME,Bare Baked Crunchy
09608800,Bare Baked Crunchy Apple Chips Fuji & Reds 3.4 Oz,4.99,FOOD IN HOME,Bare Baked Crunchy
09609200,Bare Baked Crunchy Apple Chips Cinnamon 3.4 Oz,4.99,FOOD IN HOME,Bare Baked Crunchy
09616700,Bare Baked Crunchy Coconut Chips 3.3 Oz Bag,4.99,FOOD IN HOME,Bare Baked Crunchy
09783700,Bare Baked Crunchy Banana Chips Simply 2.7 Oz Bag,4.99,FOOD IN HOME,Bare Baked Crunchy
09783800,Bare Baked Crunchy Banana Chips Strawberry 2.7 Oz Bag,4.99,FOOD IN HOME,Bare Baked Crunchy
09783900,Bare Baked Crunchy Apple Chips Fuji & Reds 3.4 Oz,4.99,FOOD IN HOME,Bare Baked Crunchy
09784000,Bare Baked Crunchy Apple Chips Cinnamon 3.4 Oz,4.99,FOOD IN HOME,Bare Baked Crunchy
09784100,Bare Baked Crunchy Coconut Chips 3.3 Oz Bag,4.99,FOOD IN HOME,Bare Baked Crunchy
09784200,Bare Baked Crunchy Coconut Chips Honey 3.3 Oz Bag,4.99,FOOD IN HOME,Bare Baked Crunchy
08061600,Cheetos Puffs Flamin' Hot 3.38 Oz Bag,1.89,SNACK FOODS,Cheetos
08072400,Cheetos Crunchy Cheese Flavored Snacks Flamin' Hot Flavored 3.5 Oz,1.89,SNACK FOODS,Cheetos
09363100,Cheetos Bites Cheese Flavored Snacks White Cheddar 2.625 Oz Bag,1.89,SNACK FOODS,Cheetos
09717800,Cheetos Crunchy Cheese Flavored Snacks Flamin Hot Limon 2 Oz Plastic Bag,1.09,SNACK FOODS,Cheetos
000000000300025973,Cheetos Puffs Cheese Flavored Snacks Party Size 13.5 Oz,5.29,SNACK FOODS,Cheetos
08076800,Chester's Fries Corn And Potato Snacks Flamin' Hot Flavored 4 Oz,1.89,SNACK FOODS,Chester's
07312900,1.89 STP CK JCK,2.29,CLASS,Cracker Jack
08058700,Doritos Tortilla Chips Salsa Verde 3.125 Oz,1.89,SNACK FOODS,Doritos
09239600,"Doritos Tortilla Chips, Flamin' Hot Nacho, 3 - 1/8 Oz",1.89,SNACK FOODS,Doritos
08652700,Doritos Tortilla Chips Tapatio Flavored 9.75 Oz,4.29,SNACK FOODS,Doritos
08783000,Doritos Poppin Jalapeno 3.13 Oz Plastic Bag,1.89,SNACK FOODS,Doritos
09587800,Doritos Cool Ranch Tortilla Chips 1.75 Oz Plastic Bag,1.09,SNACK FOODS,Doritos
08273200,Frito Lay Peanuts Salted In-Shell 4.5 Oz,0.99,SNACK FOODS,Frito Lay
09817201,Frito Lay Sunflower Seeds BBQ 1.75 Oz,4.95,SNACK FOODS,Frito Lay
09688701,Frito Lay Sunflower Seeds Flamin' Hot Limon 1.75 Oz,4.95,SNACK FOODS,Frito Lay
08046800,Fritos Twists Corn Snacks Honey BBQ Flavored 4.25 Oz Bag,1.89,SNACK FOODS,Fritos
08047400,Fritos Corn Chips The Original 4.25 Oz,1.89,SNACK FOODS,Fritos
09717400,Funyuns  Onion Flavored Rings Regular Flavor 1.25 Oz,1.09,SNACK FOODS,Funyuns
08050500,Lay's Potato Chips Flamin' Hot Flavored 2.75 Oz,1.89,SNACK FOODS,Lay's
09376900,Lay's Potato Chips Fiery Habanero Flavored 2.75 Oz,1.89,SNACK FOODS,Lay's
08099100,Lay's Kettle Cooked Original Potato Chips 8 Oz Bag,3.49,SNACK FOODS,Lay's
09595400,Lay's Potato Chips Limon Flavored 1.5 Oz,1.09,SNACK FOODS,Lay's
09376800,Lay's Poppables Potato Snacks Creamy Jalapeno Flavored 2 Oz,1.89,SNACK FOODS,Lay's
000000000300027258,Lay's Wavy Potato Chips Hickory BBQ Flavored 7.5 Oz,3.79,SNACK FOODS,Lay's
09765901,Munchies Sandwich Crackers Doritos Jalapeno Cheddar 1.38 Oz Bag,4.72,FOOD IN HOME,Munchies
08968601,Nut Harvest Lightly Roasted Almonds 2.25 Oz Plastic Bag,15.92,SNACK FOODS,Nut Harvest
05919500,Ruffles Queso Cheese Potato Chips 6.5 Oz Plastic Bag,2.99,SNACK FOODS,Ruffles
08047900,Sabritas Corn Snacks Turbos Flamas Flavored 4.25 Oz,1.89,SNACK FOODS,Sabritas
05966400,Sabritas Potato Chips Adobadas Flavored 7 Oz,2.99,SNACK FOODS,Sabritas
09589000,Smartfood  Popcorn White Cheddar Cheese 1 Oz,1.09,SNACK FOODS,Smartfood
000000000300026023_EA,Smartfood® Sweet and Salty Kettle Corn Flavored Popcorn,4.99,SNACK FOODS,Smartfood
08074900,SunChips  Whole Grain Snacks Harvest Cheddar 3 Oz,1.89,SNACK FOODS,Sunchips
07493000,SunChips  Whole Grain Snacks Garden Salsa 7 Oz,3.29,SNACK FOODS,Sunchips
08653000,Doritos Tortilla Chips Flamas 9.75 Oz,4.29,SNACK FOODS,Doritos
08361900,Fritos Corn Chips Lightly Salted 9.25 Ounce,3.99,SNACK FOODS,Fritos
09432500,Ruffles Double Crunch Potato Chips Hot Wings 7.75 Oz Bag,4.29,SNACK FOODS,Ruffles
000000000300027039,"Frito Lay Snacks, Flamin' Hot Mix Variety Pack, 17.375 Oz, 18 Count",8.99,SNACK FOODS,Frito Lay Variety Pack
08683900,Ruffles Jalapeno Ranch Potato Chips 8.5 Ounce Plastic Bag,4.29,SNACK FOODS,Ruffles
000000000300027303,Lay's Potato Chips Philly Cheese Steak 7.75 Ounce,3.79,SNACK FOODS,Lay's
000000000300027311,Lay's Kettle Cooked Potato Chips New York Style Pizza Flavored 8 Oz,3.49,SNACK FOODS,Lay's
000000000300027334,Lay's Wavy Potato Chips Carnitas Street Taco Flavored 7.5 Oz,3.79,SNACK FOODS,Lay's
000000000300027341,Lay's Potato Chips Nashville Hot Chicken 7.75 Ounce,3.79,SNACK FOODS,Lay's
01332100,ZNON Product Catalogue,2.4,SNACK FOODS,Smartfood
08655100,Doritos Tortilla Chips Cool Ranch Flavored 15 Oz,5.29,SNACK FOODS,Doritos
08655401,Doritos Tortilla Chips Nacho Cheese 15 Oz Party Size,5.29,CLASS,Doritos
000000000300027497,"Lay's Potato Chips, Classic, 1 Ounce, 10 Count",4.99,,Lay's
09012501,Nut Harvest Nut & Fruit Mix 2.25 Oz,1.29,,Nut Harvest
09464400,Off The Eaten Path Veggie Crisps Rice Peas Black Beans 2 - 1/2 Oz,1.2342,SNACK FOODS,Off The Eaten Path
09012301,Nut Harvest Whole Cashews Sea Salted 2.25 Oz,1.29,,Nut Harvest
08098900,Lay's Kettle Cooked Potato Chips Mesquite Bbq Flavored 8 Oz,3.49,SNACK FOODS,Lay's
000000000300026888,Doritos Tortilla Chips Nacho Cheese Flavored 2.5 Oz,0.8915,,Doritos
000000000300026885,"Doritos Tortilla Chips, Cool Ranch,  2 - 1/2 Oz",0.8915,,Doritos
000000000300026883,Cheetos Crunchy Cheese Flavored Snacks Flamin' Hot Flavored 2.75 Oz,0.8915,,Cheetos
000000000300026881,"Cheetos Crunchy Cheese Flavored Snacks, 2 - 3/4 Oz",0.8915,,Cheetos
000000000300026869,Lay's Potato Chips Classic 2 1/4 Oz,0.8915,,Lay's
000000000300026898,Smartfood Popcorn White Cheddar 1.75 Oz,0.8915,,Smartfood
000000000300026899,"Miss Vickie's Kettle Cooked Potato Chips, Jalapeno Flavored, 1 - 7/8 Oz",0.8915,,Miss Vickie's
09441300,Lay's Kettle Cooked Potato Chips Classic Beer Cheese 8 Ounce,3.49,SNACK FOODS,Lay's
000000000300027787,Gamesa Marias Cookies 4.93 Oz,0.99,,Gamesa
08683700,Ruffles Flamin Hot Potato Chips 8.5 Ounce Plastic Bag,4.29,,Ruffles
09432400,Ruffles Double Crunch Potato Chips Zesty Cheddar 7.75 Oz Bag,4.29,,Ruffles
06614100,Santitas Tortilla Chips Mixed Triangles 11 Oz,2.29,,Santitas
07181400,Doritos Dinamita Rolled Tortilla Chips Chile Limon Flavored 1.125 Oz,0.5,,Doritos
000000000300029085,2CT VP CHEETOS POPCORN MIX HOLIDAY TIN,8.99,SNACK FOODS,Cheetos
000000000300028519,Quaker Big Chewy Granola Bars Chocolate Chip 1.48 Oz 5 Count,0.124,,Quaker
10765901S,Lay’s® Holiday Sweater & Snack Bundle,50.29,CLOTHING,Lay's
10765901M,Lay’s® Holiday Sweater & Snack Bundle,50.29,CLOTHING,Lay's
10765901L,Lay’s® Holiday Sweater & Snack Bundle,50.29,CLOTHING,Lay's
10765901XL,Lay’s® Holiday Sweater & Snack Bundle,50.29,CLOTHING,Lay's
10765901XXL,Lay’s® Holiday Sweater & Snack Bundle,50.29,CLOTHING,Lay's
10766701S,Cheetos® Holiday Sweater & Snack Bundle,50.29,CLOTHING,Lay's
10766701M,Cheetos® Holiday Sweater & Snack Bundle,50.29,CLOTHING,Cheetos
10766701L,Cheetos® Holiday Sweater & Snack Bundle,50.29,CLOTHING,Cheetos
10766701XL,Cheetos® Holiday Sweater & Snack Bundle,50.29,CLOTHING,Cheetos
10766701XXL,Cheetos® Holiday Sweater & Snack Bundle,50.29,CLOTHING,Cheetos
10766301S,Doritos® Holiday Sweater & Snack Bundle,50.29,CLOTHING,Doritos
10766301M,Doritos® Holiday Sweater & Snack Bundle,50.29,CLOTHING,Doritos
10766301L,Doritos® Holiday Sweater & Snack Bundle,50.29,CLOTHING,Doritos
10766301XL,Doritos® Holiday Sweater & Snack Bundle,50.29,CLOTHING,Doritos
10766301XXL,Doritos® Holiday Sweater & Snack Bundle,50.29,CLOTHING,Doritos
000000000300029285,Lay's® Pom Beanie & Snack Bundle,14.29,CLOTHING,Lay's
000000000300029288,Cheetos® Pom Beanie & Snack Bundle,14.29,CLOTHING,Cheetos
000000000300029286,Doritos® Pom Beanie & Snack Bundle,14.29,CLOTHING,Doritos
000000000300029287,Tostitos® Pom Beanie & Snack Bundle,14.29,CLOTHING,Tostitos
000000000300029289,Smartfood® Pom Beanie & Snack Bundle,14.29,CLOTHING,Smartfood
000000000300029290,Lay's® Knit Scarf & Snack Bundle,25.29,CLOTHING,Lay's
000000000300029293,Cheetos® Knit Scarf & Snack Bundle,25.29,CLOTHING,Cheetos
000000000300029291,Doritos® Knit Scarf & Snack Bundle,25.29,CLOTHING,Doritos
000000000300029292,Tostitos® Knit Scarf & Snack Bundle,25.29,CLOTHING,Tostitos
000000000300029294,Smartfood® Knit Scarf & Snack Bundle,25.29,CLOTHING,Smartfood
000000000300029301,Lay's® Fuzzy Sock & Snack Bundle,10.29,CLOTHING,Lay's
000000000300029304,Cheetos® Fuzzy Sock & Snack Bundle,10.29,CLOTHING,Cheetos
000000000300029302,Doritos® Fuzzy Sock & Snack Bundle,10.29,CLOTHING,Doritos
000000000300029303,Tostitos® Fuzzy Sock & Snack Bundle,10.29,CLOTHING,Tostitos
000000000300029305,Smartfood® Fuzzy Sock & Snack Bundle,10.29,CLOTHING,Smartfood
10768701S,Lay's® Adult Hooded Onesie & Snack Bundle,78.79,CLOTHING,Lay's
10768701M,Lay's® Adult Hooded Onesie & Snack Bundle,78.79,CLOTHING,Lay's
10768701L,Lay's® Adult Hooded Onesie & Snack Bundle,78.79,CLOTHING,Lay's
10768701XL,Lay's® Adult Hooded Onesie & Snack Bundle,78.79,CLOTHING,Lay's
10769001S,Cheetos® Adult Hooded Onesie & Snack Bundle,78.79,CLOTHING,Cheetos
10769001M,Cheetos® Adult Hooded Onesie & Snack Bundle,78.79,CLOTHING,Cheetos
10769001L,Cheetos® Adult Hooded Onesie & Snack Bundle,78.79,CLOTHING,Cheetos
10769001XL,Cheetos® Adult Hooded Onesie & Snack Bundle,78.79,CLOTHING,Cheetos
10768601S,Doritos® Adult Hooded Onesie & Snack Bundle,78.79,CLOTHING,Doritos
10768601M,Doritos® Adult Hooded Onesie & Snack Bundle,78.79,CLOTHING,Doritos
10768601L,Doritos® Adult Hooded Onesie & Snack Bundle,78.79,CLOTHING,Doritos
10768601XL,Doritos® Adult Hooded Onesie & Snack Bundle,78.79,CLOTHING,Doritos
10768901S,Tostitos® Adult Hooded Onesie & Snack Bundle,78.79,CLOTHING,Tostitos
10768901M,Tostitos® Adult Hooded Onesie & Snack Bundle,78.79,CLOTHING,Tostitos
10768901L,Tostitos® Adult Hooded Onesie & Snack Bundle,78.79,CLOTHING,Tostitos
10768901XL,Tostitos® Adult Hooded Onesie & Snack Bundle,78.79,CLOTHING,Tostitos
10769101S,Smartfood® Adult Hooded Onesie & Snack Bundle,78.79,CLOTHING,Smartfood
10769101M,Smartfood® Adult Hooded Onesie & Snack Bundle,78.79,CLOTHING,Smartfood
10769101L,Smartfood® Adult Hooded Onesie & Snack Bundle,78.79,CLOTHING,Smartfood
10769101XL,Smartfood® Adult Hooded Onesie & Snack Bundle,78.79,CLOTHING,Smartfood
10766201S,Tostitos® Holiday Sweater & Snack Bundle,50.29,CLOTHING,Tostitos
10766201M,Tostitos® Holiday Sweater & Snack Bundle,50.29,CLOTHING,Tostitos
10766201L,Tostitos® Holiday Sweater & Snack Bundle,50.29,CLOTHING,Tostitos
10766201XXL,Tostitos® Holiday Sweater & Snack Bundle,50.29,CLOTHING,Tostitos
10766201XL,Tostitos® Holiday Sweater & Snack Bundle,50.29,CLOTHING,Tostitos
000000000300029251,SVLR SIMPLY RUFFLES REDUCED FAT REGULAR,0.5,SNACK FOODS,Ruffles
000000000300029249,SVLR SIMPLY CHEETOS WHITE CHEDDAR,0.5,SNACK FOODS,Cheetos
000000000300029254,SVLR SIMPLY LAY'S SEA SALT THICK CUT,0.5,SNACK FOODS,Lay's
000000000300036218,SVLR SUNCHIPS FRENCH ONION,0.5,SNACK FOODS,Sunchips
000000000300036229,SVLR SUNCHIPS GARDEN SALSA,0.5,SNACK FOODS,Sunchips
000000000300029246,SVLR BAKED CHEETOS CRUNCHY,0.5,SNACK FOODS,Cheetos
000000000300028487_EA,Doritos® 3D® Crunch Chili Cheese Nacho Flavored Tortilla Chips,5.59,SNACK FOODS,Doritos
000000000300028491,Doritos Crunch Tortilla Chips Spicy Ranch 6 Ounce,4.29,SNACK FOODS,Doritos
61000400,STARBURST ORIGINAL TEAR N SHARE 3.45OZ,1.99,CANDY,STARBURST
61000600,EXTRA 15 STICK POLAR ICE SLIM PACK,1.59,CANDY,EXTRA
61001500,EXTRA 15 STICK PEPPERMINT SLIM PACK,1.59,CANDY,EXTRA
61001900,SNICKERS SHARE 24CT 6CS,1.99,CANDY,SNICKERS
61001700,SNICKERS SINGLES 1.86 OUNCE,1.49,CANDY,SNICKERS
61001800,M&M'S PEANUT KING SIZE 3.27 OUNCE,1.99,CANDY,M&M'S
000000000300029605,STACYS HYBRID BAKING  POTATO & CAULIFLOWER,5.99,SNACK FOODS,Stacy's Pita Chips
000000000300029699,STACYS HYBRID BAKING SWEET POTATO & HERB,5.99,SNACK FOODS,Stacy's Pita Chips
000000000300036362,STACYS HYBRID BAKING SAVORY GARDEN PEA,5.99,SNACK FOODS,Stacy's Pita Chips
000000000300027540,Lay's Kettle Cooked Potato Chips Flamin' Hot Limon 8 Oz,3.49,SNACK FOODS,Lay's
000000000300028088_EA,Doritos® Spicy Nacho Flavored Tortilla Chips,5.59,SNACK FOODS,Doritos
000000000300028102_EA,Ruffles® Sour Cream & Onion Flavored Potato Chips,5.59,SNACK FOODS,Ruffles
000000000300028119_EA,Ruffles® Flamin' Hot® Flavored Potato Chips,4.29,SNACK FOOD,Ruffles
000000000300028153,Doritos Nacho Cheese Party Size Tortilla Chips 15.0oz,5.29,SNACK FOODS,Doritos
61005000,Movie Night Bundle,20.0,SNACK FOODS,Smartfood
000000000300029096,Lay's Potato Chips Adobadas Flavored 7 Oz,3.79,SNACK FOODS,Lay's
000000000300027958,Lay's Potato Chips Chile Mango Flavored 7.75 Oz,3.79,SNACK FOODS,Lay's
000000000300030207,Doritos Tortilla Chips Spicy Nacho 9.25 Ounce,4.29,SNACK FOODS,
000000000300020300,BAKED Lay's® Barbecue Flavored Potato Chips,3.59,SNACK FOODS,"Lay's,Baked"
000000000300022895_EA,Smartfood® Caramel & Cheddar Mix Flavored Popcorn,4.99,SNACK FOODS,Smartfood
000000000300025950_EA,Smartfood® Flamin' Hot® White Cheddar Flavored Popcorn,4.99,SNACK FOODS,Smartfood
000000000000610012_EA,SKITTLES GUMMES ORIGINAL PEG PACK 5.8 OUNCE,3.49,CANDY,Skittles
61002500,SKITTLES GUMMIES WILD BERRY PEG PACK 5.8 OUNCE,3.49,CANDY,Skittles
000000000300027907_EA,PopCorners Flex Energy Packed Protein Crisps Barbecue Flavored,4.69,SNACK FOODS,PopCorners
000000000300030065_EA,"Cheetos Asteroids & Mini Doritos Variety Pack Box, 30 Count",13.69,SNACK FOODS,"Cheetos,Doritos"
000000000300029746_EA,Santitas® Cilantro Lime Flavored Tortilla Chips,2.29,SNACK FOODS,Santitas
000000000300030515_EA,Cheetos Bag of Bones Cheese Flavored Snacks Halloween Tin,10.99,SNACK FOODS,Cheetos
000000000300036169_EA,Cheetos® Flamin' Hot® Flavored Popcorn,0.75,SNACK FOODS,Cheetos
000000000300036133_EA,Cheetos® Xxtra Flamin Hot® Crunchy Cheese Flavored Snacks,0.75,SNACK FOODS,Cheetos
000000000300030551_EA,Smartfood® Movie Theater Butter Flavored Popcorn,0.77,SNACK FOODS,Smartfood
000000000300030552_EA,SVLR SMARTFOOD SMART50 SWEET AND SALTY,0.77,SNACK FOODS,Smartfood
000000000300030553_EA,PopCorners® Sea Salt Popped-Corn Snacks,0.77,SNACK FOODS,PopCorners
000000000300030554_EA,PopCorners® White Cheddar Flavored Popped-Corn Snacks,3.0,SNACK FOODS,PopCorners
000000000300030555_EA,PopCorners® Kettle Corn Flavored Popped-Corn Snacks,0.77,SNACK FOODS,PopCorners
000000000300030556_EA,SVLR GRANDMAS VANILLA CREME MINI,0.77,SNACK FOODS,Grandma's
000000000300030557_EA,SVLR GRANDMAS CHOCOLATE CHIP MINI,0.77,SNACK FOODS,Grandma's
000000000300030558_EA,SVLR MUNCHIES CHEESEY PEANUT BUTTER,0.67,SNACK FOODS,Munchies
000000000300030559_EA,SVLR MUNCHIES GOLDEN TOAST PEANUT BUTTER,0.77,SNACK FOODS,Munchies
000000000300030561_EA,SVLR CHEWY LARGE CCP REAL DEAL,0.65,SNACK FOODS,Quaker
000000000300030560_EA,SVLR CHEWY LARGE OATMEAL RAISIN REAL DEAL,0.77,SNACK FOODS,Quaker
000000000300030562_EA,SVLR CHEWY LARGE SMORES REAL DEAL,0.77,SNACK FOODS,Quaker
000000000300036176_EA,Cheetos® Cheddar Flavored Popcorn,0.75,SNACK FOODS,Cheetos
000000000300030320_EA,Doritos® Flamin' Hot® Limon Flavored Tortilla Chips,2.29,SNACK FOODS,Doritos
10811900,SHIPPING,2.99,SHIPPING DESTINATION,
108118,SHIPPING,4.99,SHIPPING DESTINATION,
000000000300030748_EA,Doritos Twisted Lime,4.79,SNACK FOODS,Doritos
11194800,Lay's® Beanie Bundle,20.0,CLOTHING,Lay's
11194900,Cheetos® Beanie Bundle,20.0,CLOTHING,Cheetos
11195000,Doritos® Beanie Bundle,20.0,CLOTHING,Doritos
11195100,Cheetos® Scarf Bundle,25.0,CLOTHING,Cheetos
11195300,Doritos® Scarf Bundle,25.0,CLOTHING,Doritos
11195400,Lay's® Socks Bundle,15.0,CLOTHING,Lay's
11195600,Cheetos® Socks Bundle,15.0,CLOTHING,Cheetos
11196500,Doritos® Socks Bundle,15.0,CLOTHING,Doritos
11195900,Doritos® Wearable Blanket Bundle,70.0,CLOTHING,
11195800,Cheetos® Pet Bandana Bundle,15.0,,
000000000300031109_EA,Cheetos® Pajamaralls Bundle,75.0,CLOTHING,
11196100,Cheetos® Pajamaralls Bundle,75.0,CLOTHING,
11196200,Cheetos® Pajamaralls Bundle,75.0,CLOTHING,
000000000300031113_EA,Doritos® Holiday Ornament Bundle,0.0,ORNAMENT,
11258200,Lay's® Sweatshirt Bundle,30.0,CLOTHING,Lay's
11258300,Lay's® Sweatshirt Bundle,30.0,CLOTHING,Lay's
11258400,Doritos® Sweatshirt Bundle,30.0,CLOTHING,Lay's
11258500,Doritos® Sweatshirt Bundle,30.0,CLOTHING,Lay's
11258600,Cheetos® Sweatshirt Bundle,30.0,,
11259000,Cheetos® Sweatshirt Bundle,30.0,,
000000000300031237_EA,Ruffles Flamin' Hot Chedar Sour Cream,4.79,SNACK FOODS,Ruffles
000000000300031449_EA,4.09 LAYS CHEDDAR JALAPENO,4.09,SNACK FOODS,Lay's
000000000300031988,Stranger Things T-shirt Bundle,2.4,,Doritos
000000000300031989,Stranger Things T-shirt Bundle,2.4,,Doritos
000000000300031992,Stranger Things T-shirt Bundle,2.4,,Doritos
000000000300031990,Stranger Things T-shirt Bundle,2.4,,Doritos
000000000300031994,Stranger Things Tote Bundle,2.4,,Doritos
000000000300031994,Stranger Things Tote Bundle,2.4,,Doritos
345456721,Baked Lay's® Original Potato Crisps,0.0,SNACK FOODS,
10854901,Munchies® Honey Roasted Peanuts,7.92,SNACK FOODS,Munchies
000000000300032609_EA,Chester's Puffcorn Flamin' Hot® Flavored Corn Snacks,2.49,SNACK FOODS,Chester's
000000000300032606_EA,Chester's Puffcorn Puffed Corn Snacks Butter Artificially Flavored 3.25 Oz,2.49,SNACK FOODS,Chester's
000000000300032515_EA,Cheetos® Crunchy Cheese Flavored Snacks,2.29,SNACK FOODS,Cheetos
000000000300032522_EA,Cheetos® Crunchy Flamin' Hot® Cheese Flavored Snacks,2.29,SNACK FOODS,Cheetos
000000000300033385_PAK,Doritos® Chip Inflatable Sled Bundles,49.99,,Doritos
000000000300033386_PAK,Doritos® Scarf Bundles,26.99,CLOTHING,Doritos
000000000300033387_PAK,Cheetos® Scarf Bundles,26.99,CLOTHING,Cheetos
000000000300033388_PAK,Ruffles® Scarf Bundles,26.99,CLOTHING,Ruffles
000000000300033389_PAK,Holiday Shop Cheetos® Flamin Hot Socks Bundle,0.0,,Cheetos
000000000300033390_PAK,Holiday Shop Doritos® Nacho Socks Bundle,15.99,CLOTHING,Doritos
000000000300033391_PAK,Holiday Shop Cheetos® Socks Bundle,15.99,CLOTHING,Cheetos
000000000300033392_PAK,Holiday Shop Cheetos® Flamin Hot Beanie Bundle,22.99,CLOTHING,Cheetos
000000000300033393_PAK,Holiday Shop Doritos® Nacho Beanie,22.99,CLOTHING,Doritos
000000000300033394_PAK,Holiday Shop Cheetos® Beanie Bundle,0.0,CLOTHING,Cheetos
000000000300033395_PAK,Holiday Shop Lays® Sweater Bundle,49.99,CLOTHING,Lay's
000000000300033396_PAK,Holiday Shop Lays® Sweater,49.99,CLOTHING,Lay's
000000000300033397_PAK,Holiday Shop Lays® Sweater Bundle,49.99,CLOTHING,Lay's
000000000300033398_PAK,Holiday Shop Lays® Sweater Bundle,49.99,CLOTHING,Lay's
000000000300033399_PAK,Holiday Shop Ruffles® Sweater Bundle,49.99,CLOTHING,Ruffles
000000000300033400_PAK,Holiday Shop Ruffles® Sweater Bundle,49.99,CLOTHING,Ruffles
000000000300033401_PAK,Holiday Shop Lays® Socks Bundle,15.99,CLOTHING,Lay's
000000000300033402_PAK,Holiday Shop Ruffles® Sweater Bundle,49.99,CLOTHING,Ruffles
000000000300033403_PAK,Holiday Shop Ruffles® Sweater Bundle,49.99,CLOTHING,Ruffles
000000000300033404_PAK,Holiday Shop Cheetos® Sweater Bundle,49.99,CLOTHING,Cheetos
000000000300033405_PAK,Holiday Shop Cheetos® Sweater Bundle,49.99,CLOTHING,Cheetos
000000000300033406_PAK,Holiday Shop Cheetos® Sweater Bundle,49.99,CLOTHING,Cheetos
000000000300033407_PAK,Holiday Shop Cheetos® Sweater Bundle,49.99,CLOTHING,Cheetos
000000000300033408_PAK,Holiday Shop Doritos® Cool Ranch Ornament Bundle,19.99,,Doritos
000000000300033409_PAK,Holiday Shop Doritos® Nacho Ornament Bundle,19.99,CLOTHING,Doritos
000000000300033410_PAK,Holiday Shop Cheetos® Stocking Bundle,24.99,CLOTHING,Cheetos
000000000300033411_PAK,Holiday Shop Cheetos® Body Pillow Bundle,49.99,,Cheetos
000000000300033205_EA,Smartfood® Popcorn Mix Holiday Tin - 3 Count,10.99,SNACK FOODS,Smartfood
000000000300030570_EA,Cheetos® Popcorn Mix Holiday Tin - 2 Count,10.99,SNACK FOODS,Cheetos
000000000300032028_EA,Tostitos® Red Holiday Trees,5.59,SNACK FOODS,Tostitos
000000000300032290_EA,Cheetos® White Cheddar Snowflakes,2.29,SNACK FOODS,Cheetos
000000000300030530_EA,Rold Gold® Rods,3.69,SNACK FOODS,Rold Gold
000000000300030203_EA,Smartfood® Captain Crunch® Merry Berries Popcorn Mix,4.99,SNACK FOODS,Smartfood
000000000300030205_EA,4.99 MT SMARTFOOD CAPTAIN CRUNCH MERRY BERRIES POPCORN MIX,4.99,SNACK FOODS,Smartfood
000000000300024466_EA,Cheetos® White Cheddar Snowflakes,5.19,SNACK FOODS,Cheetos
000000000300024468_EA,Cheetos® White Cheddar Snowflakes,5.19,SNACK FOODS,Cheetos
000000000300033227_EA,BAKED Cheetos® Crunchy Cheese Flavored Snacks,0.77,SNACK FOODS,Cheetos
000000000300030630_EA,BAKED Cheetos® Flamin' Hot® Limon Cheese Flavored Snacks,3.99,SNACK FOODS,"Cheetos,Baked"
000000000300036240_EA,BAKED Lay's® Barbecue Flavored Potato Chips,0.77,SNACK FOODS,Lay's
000000000300033309_EA,BAKED Lay's® Original Potato Crisps,0.77,SNACK FOODS,Lay's
000000000300029110_EA,Baken-Ets® Queso Flavored Fried Pork Skins,2.29,SNACK FOODS,Baken-Ets
000000000300032113_EA,Baken-Ets® Hot N' Spicy Flavored Fried Pork Skins,2.99,SNACK FOODS,Baken-Ets
000000000300032122_EA,Baken-Ets® Sweet Southern Heat BBQ Flavored Fried Pork Skins,2.49,SNACK FOODS,Baken-Ets
000000000300032108_EA,Baken-Ets® Traditional Fried Pork Skins,2.49,SNACK FOODS,Baken-Ets
000000000300031830_EA,Beyond Meat® Jerky Original Plant-Based Jerky,5.49,SNACK FOODS,Beyond Meat
000000000300031831_EA,Beyond Meat® Jerky Teriyaki Flavored Plant-Based Jerky,5.49,SNACK FOODS,Beyond Meat
000000000300021699_EA,Cheetos® Crunchy Cheddar Jalapeno Cheese Flavored Snacks,5.19,SNACK FOODS,Cheetos
000000000300033228_EA,Cheetos® Crunchy Cheddar Jalapeno Cheese Flavored Snacks,0.77,SNACK FOODS,Cheetos
000000000300033323_EA,Cheetos Crunchy Cheese Flavored Snacks,0.77,,Cheetos
000000000300033324_EA,Cheetos® Crunchy Flamin' Hot® Cheese Flavored Snacks,0.77,SNACK FOODS,Cheetos
000000000300033325_EA,Cheetos® Crunchy Flamin' Hot® Limon Cheese Flavored Snacks,0.77,SNACK FOODS,Cheetos
000000000300032519_EA,Cheetos® Crunchy Mexican Street Corn Cheese Flavored Snacks,2.29,SNACK FOODS,Cheetos
000000000300031408_EA,Cheetos Flamin' Hot Sweet Reaper Cheese Flavored Snacks,2.29,SNACK FOODS,Cheetos
000000000300032526_EA,Cheetos® Crunchy Flamin' Hot® Limon Cheese Flavored Snacks,2.29,SNACK FOODS,Cheetos
000000000300030525_EA,Cheetos® Cheddar Jalapeno Flavored Popcorn,2.29,SNACK FOODS,Cheetos
000000000300031697_EA,Cheetos® Puff Bolitas Cheese Flavored Snacks,5.19,SNACK FOODS,"Cheetos,Sabritas"
000000000300032090_EA,Cheetos® Puff Bolitas Cheese Flavored Snacks,5.19,SNACK FOODS,"Cheetos,Sabritas"
000000000300031703_EA,Cheetos® Puff Bolitas Cheese Flavored Snacks,2.29,SNACK FOODS,"Cheetos,Sabritas"
000000000300031694_EA,Cheetos® Puffs Cheese Flavored Snacks,2.29,SNACK FOODS,Cheetos
000000000300031735_EA,Cheetos® Puffs Flamin Hot® Cheese Flavored Snacks,2.29,SNACK FOODS,Cheetos
000000000300032529_EA,Cheetos® Xxtra Flamin Hot® Crunchy Cheese Flavored Snacks,2.29,SNACK FOODS,Cheetos
000000000300032128_EA,Chester's® Fries Flamin' Hot® Flavored Corn and Potato Snacks,2.49,SNACK FOODS,Chester's
000000000300032532_EA,Chester's® Fries Flamin' Hot® Flavored Corn and Potato Snacks,2.29,SNACK FOODS,Chester's
000000000300033326_EA,Chester's® Fries Flamin' Hot® Flavored Corn and Potato Snacks,0.77,SNACK FOODS,Chesters
000000000300032140_EA,Chester's® Puffcorn Butter Flavored Corn Snacks,2.49,SNACK FOODS,Chester's
000000000300032143_EA,Chester's Puffcorn Flamin' Hot® Flavored Corn Snacks,2.49,SNACK FOODS,Chester's
000000000300032137_EA,Chester's Puffcorn Cheese Flavored Corn Snacks,2.49,SNACK FOODS,Chester's
000000000300032244_EA,Doritos® 3D® Crunch Nacho Cheese Flavored Tortilla Chips,5.59,SNACK FOODS,Doritos
000000000300032575_EA,Doritos® 3D® Crunch Spicy Ranch Flavored Tortilla Chips,5.59,SNACK FOODS,Doritos
000000000300031907_EA,Doritos® Blazin Buffalo & Ranch® Flavored,5.59,SNACK FOODS,Doritos
000000000300033327_EA,Doritos® Cool Ranch® Flavored Tortilla Chips,0.77,SNACK FOODS,Doritos
000000000300033343_EA,Doritos® Flamas® Flavored Tortilla Chips,0.77,SNACK FOODS,Doritos
000000000300030792_EA,Doritos® Flamin' Hot® Cool Ranch® Flavored Tortilla Chips,2.29,SNACK FOODS,Doritos
000000000300030784_EA,Doritos® Flamin' Hot® Cool Ranch® Flavored Tortilla Chips,5.59,SNACK FOODS,Doritos
000000000300030786_EA,Doritos® Flamin' Hot® Cool Ranch® Flavored Tortilla Chips,5.59,SNACK FOODS,Doritos
000000000300031519_EA,Doritos® Flamin' Hot® Cool Ranch® Flavored Tortilla Chips,0.75,SNACK FOODS,Doritos
000000000300033328_EA,Doritos® Flamin' Hot® Nacho Flavored Tortilla Chips,0.77,SNACK FOODS,Doritos
000000000300033329_EA,Doritos® Nacho Cheese Flavored Tortilla Chips,0.77,SNACK FOODS,Doritos
000000000300031877_EA,Doritos Screamin Sriracha Flavored Tortilla Chips,2.29,SNACK FOODS,Doritos
000000000300033346_EA,Doritos® Spicy Nacho Flavored Tortilla Chips,0.77,SNACK FOODS,Doritos
000000000300033330_EA,Doritos® Spicy Sweet Chili Flavored Tortilla Chips,0.77,SNACK FOODS,Doritos
000000000300029222_EA,Doritos® Taco Flavored Tortilla Chips,5.59,SNACK FOODS,Doritos
000000000300031450_EA,Doritos Tangy Tamarind Flavored Tortilla Chips,5.59,SNACK FOODS,Doritos
000000000300033345_EA,Doritos® Tapatio® Flavored Tortilla Chips,0.75,SNACK FOODS,Doritos
000000000300033331_EA,Fritos® Chili Cheese Flavored Corn Chips,0.77,SNACK FOODS,Fritos
000000000300033332_EA,Fritos® Flamin' Hot® Flavored Corn Chips,0.77,SNACK FOODS,Fritos
000000000300033333_EA,Fritos® Original Corn Chips,0.77,SNACK FOODS,Fritos
000000000300028880_EA,Gamesa® Florentinas Milk Caramel Flavored Cookies,11.12,COOKIES PLAIN,Gamesa
000000000300028892_EA,Gamesa® Florentinas Fresa Strawberry Cookies,11.12,COOKIES PLAIN,Gamesa
000000000300021954_EA,Grandma's® Brand Mini Chocolate Chip Cookies,0.77,SNACK FOODS,Grandma's
000000000300019951_EA,Grandma's® Brand Vanilla Flavored Mini Sandwich Creme Cookies,0.77,SNACK FOODS,Grandma's
000000000300033334_EA,Lay's® Barbecue Flavored Potato Chips,0.77,SNACK FOODS,Lay's
000000000300033335_EA,Lay's® Cheddar & Sour Cream Flavored Potato Chips,0.77,SNACK FOODS,Lay's
000000000300033356_EA,Lay's® Chile Limon Flavored Potato Chips,1.5,SNACK FOODS,Lay's
000000000300033336_EA,Lay's® Classic Potato Chips,0.77,SNACK FOODS,Lay's
000000000300031689_EA,Lay's Kettle Cooked Fritos Chili Cheese Flavored Potato Chips,2.29,SNACK FOODS,Lay's
000000000300031685_EA,Lay's Kettle Cooked Fritos Chili Cheese Flavored Potato Chips,4.09,SNACK FOODS,Lay's
000000000300030749_EA,Lay's® Layers Sour Cream & Onion Flavored Potato Snacks,2.29,SNACK FOODS,Lay's
000000000300030739_EA,Lay's® Layers Sour Cream & Onion Flavored Potato Snacks,4.59,SNACK FOODS,Lay's
000000000300030733_EA,Lay's® Layers Sour Cream & Onion Flavored Potato Snacks,4.59,SNACK FOODS,Lay's
000000000300031189_EA,Lay's® Layers Sour Cream & Onion Flavored Potato Snacks,0.75,SNACK FOODS,Lay's
000000000300030730_EA,Lay's® Layers Three Cheese Flavored Potato Snacks,4.59,SNACK FOODS,Lay's
000000000300030736_EA,Lay's® Layers Three Cheese Flavored Potato Snacks,4.59,SNACK FOODS,Lay's
000000000300030755_EA,Lay's® Layers Three Cheese Flavored Potato Snacks,2.29,SNACK FOODS,Lay's
000000000300031188_EA,Lay's® Layers Three Cheese Flavored Potato Snacks,0.75,SNACK FOODS,Lay's
000000000300022655_EA,Lay's® Poppables® White Cheddar Flavored Potato Snacks,4.59,SNACK FOODS,Lay's
000000000300033337_EA,Lay's® Salt & Vinegar Flavored Potato Chips,0.77,SNACK FOODS,Lay's
000000000300033338_EA,Lay's® Sour Cream & Onion Flavored Potato Chips,0.77,SNACK FOODS,Lay's
000000000300032193_EA,Munchies® Honey Roasted Peanuts,8.72,SNACK FOODS,Munchies
000000000300032194_PAK,Munchies® Flamin' Hot® Flavored Peanuts,8.72,SNACK FOODS,Munchies
000000000300029595_EA,Munchies® Flamin' Hot® Flavored Peanuts,7.92,SNACK FOODS,Munchies
000000000300025158_EA,Munchies® Peanut Butter on Cheese Flavored Cracker Sandwiches,0.77,SNACK FOODS,Munchies
000000000300025157_EA,Munchies® Peanut Butter on Golden Toast Cracker Sandwiches,0.77,SNACK FOODS,Munchies
000000000300032192_EA,Munchies® Salted Peanuts,8.72,SNACK FOODS,Munchies
000000000300029597_EA,Munchies® Salted Peanuts,7.92,SNACK FOODS,Munchies
000000000300032126_EA,Munchos® Potato Crisps,2.49,SNACK FOODS,Munchos
000000000300029546_EA,Natuchips® Garlic Flavored Plantains Chips,2.29,SNACK FOODS,Natuchips
000000000300029548_EA,Natuchips® Lime Flavored Plantains Chips,2.29,SNACK FOODS,Natuchips
000000000300029544_EA,Natuchips® Regular Plantains Chips,2.29,SNACK FOODS,Natuchips
10854101,Nut Harvest® Mixed Nuts,17.52,SNACK FOODS,Nut Harvest
000000000300029583_EA,Nut Harvest® Nut & Chocolate Mix,17.52,SNACK FOODS,Nut Harvest
000000000300029585_EA,Nut Harvest® Nut & Fruit Mix,17.52,SNACK FOODS,Nut Harvest
000000000300029567_EA,Nut Harvest® Protein Chocolate Chip Mini Cookies with Almonds,7.96,SNACK FOODS,"Nut Harvest,Lay's"
000000000300029569_EA,Nut Harvest® Protein Peanut Butter Mini Cookies,7.96,SNACK FOODS,Nut Harvest
000000000300029589_EA,Nut Harvest® Salted Pistachios,17.52,SNACK FOODS,Nut Harvest
000000000300029579_EA,Nut Harvest® Sea Salted Whole Cashews,17.52,SNACK FOODS,Nut Harvest
000000000300024401_EA,Off The Eaten Path® Chickpea Veggie Crisps,4.49,SNACK FOODS,Off The Eaten Path
000000000300031512_EA,PopCorners® Cinnamon Crunch Popped-Corn Snacks,4.29,SNACK FOODS,PopCorners
000000000300033339_EA,Rold Gold® Original Tiny Twists,0.77,SNACK FOODS,Rold Gold
000000000300030518_EA,Ruffles® Flamin' Hot® Cheddar & Sour Cream Flavored Potato Chips,5.59,SNACK FOODS,Ruffles
000000000300030521_EA,Ruffles® Flamin' Hot® Cheddar & Sour Cream Flavored Potato Chips,2.29,SNACK FOODS,Ruffles
000000000300031756_EA,Ruffles® Ridge Twists® Double Cheddar Flavored Potato Snacks,5.59,SNACK FOODS,Ruffles
000000000300031753_EA,Ruffles® Ridge Twists® Double Cheddar Flavored Potato Snacks,2.29,SNACK FOODS,Ruffles
000000000300031771_EA,Ruffles® Ridge Twists® Smoky BBQ Flavored Potato Snacks,5.59,SNACK FOODS,Ruffles
000000000300031768_EA,Ruffles® Ridge Twists® Smoky BBQ Flavored Potato Snacks,2.29,SNACK FOODS,Ruffles
000000000300032134_EA,Sabritas® Fiesta Mix Flavored Snack Mix,2.49,SNACK FOODS,Sabritas
000000000300032131_EA,Sabritones® Chile & Lime Flavored Puffed Wheat Snacks,2.49,SNACK FOODS,"Sabritones,Sabritas"
000000000300032153_EA,Santitas® Cilantro Lime Flavored Tortilla Chips,2.49,SNACK FOODS,Santitas
000000000300032150_EA,Santitas® Mixed Triangles Flavored Tortilla Chips,2.49,SNACK FOODS,Santitas
000000000300032147_EA,Santitas® White Triangles Flavored Tortilla Chips,2.49,SNACK FOODS,Santitas
000000000300030543_EA,SIMPLY Ruffles® White Cheddar & Sour Cream Flavored Potato Chips,4.99,SNACK FOODS,Ruffles
000000000300030544_EA,SIMPLY Ruffles® White Cheddar Sour Cream Flavored Potato Chips,4.39,SNACK FOODS,Ruffles
000000000300033229_EA,Smartfood® Flamin' Hot® White Cheddar Flavored Popcorn,0.77,SNACK FOODS,Smartfood
000000000300025955_EA,Smartfood® Sweet and Salty Kettle Corn Flavored Popcorn,4.99,SNACK FOODS,Smartfood
000000000300030579_EA,SunChips® Black Bean Southwestern Queso Flavored Whole Grain Snacks,3.59,SNACK FOODS,Sunchips
000000000300030576_EA,SunChips® Black Bean Southwestern Queso Flavored Whole Grain Snacks,3.59,SNACK FOODS,Sunchips
000000000300030581_EA,SunChips® Black Bean Spicy Jalapeno Flavored Whole Grain Snacks,3.59,SNACK FOODS,Sunchips
000000000300030583_EA,SunChips® Black Bean Spicy Jalapeno Flavored Whole Grain Snacks,3.59,SNACK FOODS,Sunchips
000000000300033340_EA,SunChips® Harvest Cheddar® Flavored Whole Grain Snacks,0.77,SNACK FOODS,Sunchips
000000000300030599_EA,Tostitos® Avocado Salsa Dip,1.29,FOOD IN HOME,Tostitos
000000000300030823_EA,Tostitos® Black Bean & Garlic Flavored Multigrain Tortilla Chips,5.59,SNACK FOODS,Tostitos
000000000300030846_EA,Tostitos® Black Bean & Garlic Flavored Multigrain Tortilla Chips,5.59,SNACK FOODS,Tostitos
000000000300031607_EA,Tostitos® Hearty Dippers™,5.59,SNACK FOODS,Tostitos
09904801,Bare Baked Crunchy Toasted Coconut Chips 1.4 Oz,2.4,CLASS,
11530701,QU RC PKL 3.0/12CT,2.4,CLASS,Other
08166000,280G CHE CRUNCHY,2.4,CLASS,Other
04148001,800G ROLD GOLD TINY TWISTS SB,2.4,CLASS,Other
09615601,4/524G TOSTITOS SCOOPS,2.4,CLASS,Other
10822701,28G POPC SEA SALT,2.4,CLASS,Other
11065101,12/198G RG CHED TINY TWISTS,2.4,CLASS,Other
11134001,10/177G LY OV BK ORIGINAL,2.4,CLASS,Other
11187701,12/177G OTEP JALAPENO,2.4,CLASS,Other
11209501,9/185G TOS SCOOPS,2.4,CLASS,Other
11219401,32/50G POPOCORNERS SEA SALT,2.4,CLASS,Other
11219901,32/50G POPOCORNERS SWEET & SAL,2.4,CLASS,Other
11448601,50/14G SIM CHEET WC,2.4,CLASS,Other
11448701,4/604G SI CH PUFFS,2.4,CLASS,Other
11507301,16/125G FY ONION RNG,2.4,CLASS,Other
11550101,8/142G POPC SWT CHIL,2.4,CLASS,Other
11622701,90/28G POP S&S KETT,2.4,CLASS,Other
11622901,90/28G POP SEA SALT,2.4,CLASS,Other
11623001,90/28G POP WHITE CHD,2.4,CLASS,Other
11627301,32/50G POPC WHITE CH,2.4,CLASS,Other
13514500,FLUS CDY CS,2.4,CLASS,Other
13521101,2CT TEST TKT EN,2.4,CLASS,Other
13521401,2CT TEST TKT EN,2.4,CLASS,Cracker Jack
08687005,Lay's Poppables Potato Snacks Sea Salt 5 Oz,2.4,CLASS,Other
08684402,Lay's Poppables Potato Snacks Sea Salt 5 Oz,2.4,CLASS,Other
000000000300033000_EA,Cheetos® Flamin' Hot® Crunchy Tangy Chili Fusion Flavored Snacks,5.69,SNACK FOOD,Cheetos
000000000300033002_EA,Cheetos® Flamin' Hot® Crunchy Tangy Chili Fusion Flavored Snacks,2.4,SNACK FOOD,Cheetos
000000000300038487_EA,Cheetos® Minis Flamin' Hot,3.29,SNACK FOOD,Cheetos
000000000300033736_EA,Jack Link's® Flamin' Hot® Flavored Original Beef Jerky,8.49,SNACK FOOD,Jack Links
000000000300033251_PAK,Jack Link's® Flamin' Hot® Flavored Original Meat Stick,0.77,,Jack Links
1500000641,BANDANA,2.4,,
00000012028400_EA,5.99 MT RUFFLES DOUBLE CRUNCH HOT WINGS 1,5.99,,Ruffles
11985900,2.69 NATUCHPS PLANTAIN CHIPS CHILE AND LIME PEGGABLE,2.69,,PN PLANTAINS
11986100,3.69 NATUCHPS PLANTAIN CHIPS CHILE AND LIME,3.69,,PN PLANTAINS
11754700,15.0 TOSTITOS SPICY QUESO DIP,5.09,,JAR DIP
12003400,3.99 ROLD GOLD WAFFLES,3.99,,Rold Gold
12003500,3.99 MT ROLD GOLD WAFFLES,3.99,,Rold Gold
12003600,2.69 ROLD GOLD WAFFLES,2.69,,Rold Gold
12025500,5.99 TOSTITOS HINT OF CHILE LIME,5.99,,Toatitos
12070100,5.99 MT TOSTITOS HINT OF CHILE LIME,5.99,,Toatitos
11949600,2.69 CHESTER'S RANCH FRIES,2.69,,CS CHESTERS HOT FRIES
11949900,2.69 MT CHESTER'S RANCH FRIES,2.69,,CS CHESTERS HOT FRIES
11948300,2.99 CHESTER'S RANCH FRIES,2.99,,CS CHESTERS HOT FRIES
11948400,2.99 MT CHESTER'S RANCH FRIES,2.99,,CS CHESTERS HOT FRIES
11939700,4.79 LAYS SWEET & SPICY HONEY,4.99,,Lay's
11939900,2.69 LAYS SWEET & SPICY HONEY,2.69,,Lay's
00000012028400,5.99 MT RUFFLES DOUBLE CRUNCH HOT WINGS,5.99,,Ruffles
000000000300041450_EA,5.29 MT MISS VICKIES APPLEWOOD SMOKED BBQ,5.29,,
000000000300041418_EA,5.29 MT MISS VICKIES SEA SALT,5.29,,
000000000300041441_EA,5.29 MT MISS VICKIES JALAPENO,5.29,,
000000000300042507_EA,5.29 MT MISS VICKIES HONEY MUSTARD,5.29,,
000000000300042515_EA,5.29 MT MISS VICKIES SOUR CREAM HERB & ONION,5.29,,
000000000300021052_EA,Sabritas Fiesta Mix Flavored Snack Mix 2.75 Oz,4.49,CLASS,Sabritas
00000001052630011_EA,TEST,5.99,,Ruffles
100000000300033732_EA,4.79 MT POPCORNERS WHITE CHEDDAR,55.0,SNACK FOODS,PopCorners
110000000300033732_EA,4.79 POPCORNERS WHITE CHEDDAR,55.0,SNACK FOODS,PopCorners
100000000300033333_EA,4.79 MT POPCORNERS WHITE CHEDDAR,55.0,SNACK FOODS,PopCorners
110000000300033335_EA,4.79 POPCORNERS WHITE CHEDDAR,55.0,SNACK FOODS,PopCorners
120000000300011732_EA,4.79 MT POPCORNERS WHITE CHEDDARTEST,55.0,SNACK FOODS,PopCorners
111000000300022732_EA,4.79 POPCORNERS WHITE CHEDDAR,55.0,SNACK FOODS,PopCorners
130000000300011732_EA,4.79 MT POPCORNERS WHITE CHEDDARTEST,55.0,SNACK FOODS,PopCorners
111100000300022732_EA,4.79 POPCORNERS WHITE CHEDDAR,55.0,SNACK FOODS,PopCorners
000000000300019965_EA,Tostitos Dips Salsa Con Queso 15 Oz,4.49,FOOD IN HOME,Tostitos
000000000300031975_EA,5.59 MT DORITOS TANGY TAMARIND,6.29,SNACK FOODS,Doritos
000000000300043361_EA,Lay's® Deep Dish Pizza Flavored Potato Chips,4.99,SNACK FOODS,Lay's
000000000300043726_EA,Lay’s® Honey Butter Flavored Potato Chips,4.99,SNACK FOODS,Lay's
